Workbook
Name STATION_LIST: #REF!
Name WATERBODY_LIST: #REF!

Sheet tracker
A1: last_updated_date | B1: station | C1: waterbody | D1: county | E1: lease | F1: status | G1: deployment_date | H1: deployment_time_utc | I1: retrieval_date | J1: retrieval_time_utc | K1: deployment_latitude | L1: deployment_longitude | M1: retrieval_latitude | N1: retrieval_longitude | O1: deployment_latitude_n_ddm | P1: deployment_longitude_w_ddm | Q1: retrieval_latitude_n_ddm | R1: retrieval_longitude_w_ddm | S1: sensor_type | T1: sensor_serial_number | U1: sensor_depth_m | V1: string_configuration | W1: sounding_m | X1: acoustic_release | Y1: tide_correction_m | Z1: vr2ar_lug_height_above_seafloor_m | AA1: deployment_tide_direction | AB1: primary_buoy_type | AC1: secondary_buoy_type | AD1: bottom_buoy_type | AE1: whale_safe_link_type | AF1: whale_safe_link_number | AG1: anchor_type | AH1: anchor_weight_kg | AI1: biofouling_prevention | AJ1: datum | AK1: photos_taken | AL1: deployment_attendant | AM1: retrieval_attendant | AN1: notes
A2: 45707 | B2: 1369 | C2: =_xlfn.XLOOKUP(Table3[[#This Row],[station]],station_waterbody_county!A:A, station_waterbody_county!B:B) -> Merigomish Harbour | D2: =_xlfn.XLOOKUP(Table3[[#This Row],[station]],station_waterbody_county!A:A, station_waterbody_county!C:C) -> Pictou | E2: 1369 | F2: retrieved | G2: 45461 | I2: 45547 | K2: 45.654697 | L2: -62.429509 | S2: aquaMeasure SAL | T2: 686013 | U2: 1 | V2: attached to fixed structure | X2: n | AJ2: WGS84 | AK2: n | AL2: Ramon Filgueira (dal) | AM2: Ramon Filgueira (dal) | AN2: Deployed by Ramon Filgueira's lab on Shandaph Oysters lease. Sensors were moved in the fall from 1369 to Robinson Cove at an unknown date. Start/End dates derived from data signal. Use caution.
A3: 45707 | B3: 1369 | C3: =_xlfn.XLOOKUP(Table3[[#This Row],[station]],station_waterbody_county!A:A, station_waterbody_county!B:B) -> Merigomish Harbour | D3: =_xlfn.XLOOKUP(Table3[[#This Row],[station]],station_waterbody_county!A:A, station_waterbody_county!C:C) -> Pictou | E3: 1369 | F3: retrieved | G3: 45461 | I3: 45547 | K3: 45.654697 | L3: -62.429509 | S3: aquaMeasure CHL | T3: 687039 | U3: 1 | V3: attached to fixed structure | X3: n | AJ3: WGS84 | AK3: n | AL3: Ramon Filgueira (dal) | AM3: Ramon Filgueira (dal) | AN3: Deployed by Ramon Filgueira's lab on Shandaph Oysters lease. Sensors were moved in the fall from 1369 to Robinson Cove at an unknown date. Start/End dates derived from data signal. Use caution.
A4: 45707 | B4: 1369 | C4: =_xlfn.XLOOKUP(Table3[[#This Row],[station]],station_waterbody_county!A:A, station_waterbody_county!B:B) -> Merigomish Harbour | D4: =_xlfn.XLOOKUP(Table3[[#This Row],[station]],station_waterbody_county!A:A, station_waterbody_county!C:C) -> Pictou | E4: 1369 | F4: retrieved | G4: 45461 | I4: 45547 | K4: 45.654697 | L4: -62.429509 | S4: aquaMeasure DOT | T4: 671009 | U4: 1 | V4: attached to fixed structure | X4: n | AJ4: WGS84 | AK4: n | AL4: Ramon Filgueira (dal) | AM4: Ramon Filgueira (dal) | AN4: Deployed by Ramon Filgueira's lab on Shandaph Oysters lease. Sensors were moved in the fall from 1369 to Robinson Cove at an unknown date. Start/End dates derived from data signal. Use caution.
A5: 45596 | B5: 1442 | C5: =_xlfn.XLOOKUP(Table3[[#This Row],[station]],station_waterbody_county!A:A, station_waterbody_county!B:B) -> Antigonish Harbour | D5: =_xlfn.XLOOKUP(Table3[[#This Row],[station]],station_waterbody_county!A:A, station_waterbody_county!C:C) -> Antigonish | E5: 1442 | F5: retrieved | G5: 45428 | H5: 0.73263889 | I5: 45583 | J5: 0.69652778 | O5: 45 40.297 | P5: 61 53.557 | Q5: 45 40.295 | R5: 61 53.548 | S5: aquaMeasure DOT | T5: 671304 | U5: 0 | V5: surface buoy | X5: n | AA5: rising | AG5: 2 rotors | AH5: 16 | AI5: none | AJ5: WGS84 | AK5: n | AL5: Anne, TPO | AM5: Anne, Ernie Porter | AN5: cylindrical buoy
A6: 45596 | B6: 1442 | C6: =_xlfn.XLOOKUP(Table3[[#This Row],[station]],station_waterbody_county!A:A, station_waterbody_county!B:B) -> Antigonish Harbour | D6: =_xlfn.XLOOKUP(Table3[[#This Row],[station]],station_waterbody_county!A:A, station_waterbody_county!C:C) -> Antigonish | E6: 1442 | F6: retrieved | G6: 45428 | H6: 0.73263889 | I6: 45583 | J6: 0.69652778 | O6: 45 40.297 | P6: 61 53.557 | Q6: 45 40.295 | R6: 61 53.548 | S6: HOBO Pro V2 | T6: 21981722 | U6: 0.5 | V6: surface buoy | X6: n | AA6: rising | AG6: 2 rotors | AH6: 16 | AI6: none | AJ6: WGS84 | AK6: n | AL6: Anne, TPO | AM6: Anne, Ernie Porter | AN6: cylindrical buoy
A7: 45596 | B7: 1442 | C7: =_xlfn.XLOOKUP(Table3[[#This Row],[station]],station_waterbody_county!A:A, station_waterbody_county!B:B) -> Antigonish Harbour | D7: =_xlfn.XLOOKUP(Table3[[#This Row],[station]],station_waterbody_county!A:A, station_waterbody_county!C:C) -> Antigonish | E7: 1442 | F7: retrieved | G7: 45428 | H7: 0.73263889 | I7: 45583 | J7: 0.69652778 | O7: 45 40.297 | P7: 61 53.557 | Q7: 45 40.295 | R7: 61 53.548 | S7: HOBO Pro V2 | T7: 20820323 | U7: 1 | V7: surface buoy | X7: n | AA7: rising | AG7: 2 rotors | AH7: 16 | AI7: none | AJ7: WGS84 | AK7: n | AL7: Anne, TPO | AM7: Anne, Ernie Porter | AN7: cylindrical buoy
A8: 45596 | B8: 1442 | C8: =_xlfn.XLOOKUP(Table3[[#This Row],[station]],station_waterbody_county!A:A, station_waterbody_county!B:B) -> Antigonish Harbour | D8: =_xlfn.XLOOKUP(Table3[[#This Row],[station]],station_waterbody_county!A:A, station_waterbody_county!C:C) -> Antigonish | E8: 1442 | F8: retrieved | G8: 45428 | H8: 0.73263889 | I8: 45583 | J8: 0.69652778 | O8: 45 40.297 | P8: 61 53.557 | Q8: 45 40.295 | R8: 61 53.548 | S8: HOBO Pro V2 | T8: 21043074 | U8: 2 | V8: surface buoy | X8: n | AA8: rising | AG8: 2 rotors | AH8: 16 | AI8: none | AJ8: WGS84 | AK8: n | AL8: Anne, TPO | AM8: Anne, Ernie Porter | AN8: cylindrical buoy
A9: 45596 | B9: 1443 | C9: =_xlfn.XLOOKUP(Table3[[#This Row],[station]],station_waterbody_county!A:A, station_waterbody_county!B:B) -> Antigonish Harbour | D9: =_xlfn.XLOOKUP(Table3[[#This Row],[station]],station_waterbody_county!A:A, station_waterbody_county!C:C) -> Antigonish | E9: 1443 | F9: retrieved | G9: 45477 | H9: 0.77291667 | I9: 45583 | J9: 0.70486111 | O9: 45 40.741 | P9: 61 53.735 | Q9: 45 40.741 | R9: 61 53.746 | S9: aquaMeasure DOT | T9: 675009 | U9: 0 | V9: surface buoy | W9: 2.3 | X9: n | Y9: 0.3 | AA9: slack low | AG9: 2 rotors | AH9: 18 | AI9: none | AJ9: WGS84 | AK9: n | AL9: Anne, John Porter | AM9: Anne, Ernie Porter
A10: 45596 | B10: 1443 | C10: =_xlfn.XLOOKUP(Table3[[#This Row],[station]],station_waterbody_county!A:A, station_waterbody_county!B:B) -> Antigonish Harbour | D10: =_xlfn.XLOOKUP(Table3[[#This Row],[station]],station_waterbody_county!A:A, station_waterbody_county!C:C) -> Antigonish | E10: 1443 | F10: retrieved | G10: 45477 | H10: 0.77291667 | I10: 45583 | J10: 0.70486111 | O10: 45 40.741 | P10: 61 53.735 | Q10: 45 40.741 | R10: 61 53.746 | S10: aquaMeasure SAL | T10: 680324 | U10: 0 | V10: surface buoy | W10: 2.3 | X10: n | Y10: 0.3 | AA10: slack low | AG10: 2 rotors | AH10: 18 | AI10: none | AJ10: WGS84 | AK10: n | AL10: Anne, John Porter | AM10: Anne, Ernie Porter
A11: 45596 | B11: 1443 | C11: =_xlfn.XLOOKUP(Table3[[#This Row],[station]],station_waterbody_county!A:A, station_waterbody_county!B:B) -> Antigonish Harbour | D11: =_xlfn.XLOOKUP(Table3[[#This Row],[station]],station_waterbody_county!A:A, station_waterbody_county!C:C) -> Antigonish | E11: 1443 | F11: retrieved | G11: 45477 | H11: 0.77291667 | I11: 45583 | J11: 0.70486111 | O11: 45 40.741 | P11: 61 53.735 | Q11: 45 40.741 | R11: 61 53.746 | S11: HOBO Pro V2 | T11: 21465797 | U11: 0.5 | V11: surface buoy | W11: 2.3 | X11: n | Y11: 0.3 | AA11: slack low | AG11: 2 rotors | AH11: 18 | AI11: none | AJ11: WGS84 | AK11: n | AL11: Anne, John Porter | AM11: Anne, Ernie Porter
A12: 45596 | B12: 1443 | C12: =_xlfn.XLOOKUP(Table3[[#This Row],[station]],station_waterbody_county!A:A, station_waterbody_county!B:B) -> Antigonish Harbour | D12: =_xlfn.XLOOKUP(Table3[[#This Row],[station]],station_waterbody_county!A:A, station_waterbody_county!C:C) -> Antigonish | E12: 1443 | F12: retrieved | G12: 45477 | H12: 0.77291667 | I12: 45583 | J12: 0.70486111 | O12: 45 40.741 | P12: 61 53.735 | Q12: 45 40.741 | R12: 61 53.746 | S12: HOBO Pro V2 | T12: 21981721 | U12: 1 | V12: surface buoy | W12: 2.3 | X12: n | Y12: 0.3 | AA12: slack low | AG12: 2 rotors | AH12: 18 | AI12: none | AJ12: WGS84 | AK12: n | AL12: Anne, John Porter | AM12: Anne, Ernie Porter
A13: 45596 | B13: 1443 | C13: =_xlfn.XLOOKUP(Table3[[#This Row],[station]],station_waterbody_county!A:A, station_waterbody_county!B:B) -> Antigonish Harbour | D13: =_xlfn.XLOOKUP(Table3[[#This Row],[station]],station_waterbody_county!A:A, station_waterbody_county!C:C) -> Antigonish | E13: 1443 | F13: retrieved | G13: 45477 | H13: 0.77291667 | I13: 45583 | J13: 0.70486111 | O13: 45 40.741 | P13: 61 53.735 | Q13: 45 40.741 | R13: 61 53.746 | S13: HOBO Pro V2 | T13: 20291437 | U13: 2 | V13: surface buoy | W13: 2.3 | X13: n | Y13: 0.3 | AA13: slack low | AG13: 2 rotors | AH13: 18 | AI13: none | AJ13: WGS84 | AK13: n | AL13: Anne, John Porter | AM13: Anne, Ernie Porter
A14: 45946 | B14: Barachois | C14: =_xlfn.XLOOKUP(Table3[[#This Row],[station]],station_waterbody_county!A:A, station_waterbody_county!B:B) -> Indian Harbour | D14: =_xlfn.XLOOKUP(Table3[[#This Row],[station]],station_waterbody_county!A:A, station_waterbody_county!C:C) -> Guysborough | F14: retrieved | G14: 45623 | H14: 0.59097222 | I14: 45924 | J14: 0.80416667 | K14: 45.084833 | L14: -61.823583 | O14: 45 5.090 | P14: 61 49.415 | Q14: 45 5.085 | R14: 61 49.417 | S14: HOBO Pro V2 | T14: 22048584 | U14: 2 | V14: sub-surface buoy | W14: 12.5 | X14: y | Y14: 0.7 | Z14: 1.6 | AA14: falling | AB14: 14" hard vinyl | AD14: 8" hard vinyl | AG14: 7 rotors | AH14: 60 | AI14: none | AJ14: WGS84 | AK14: y | AL14: Nicole, Paul Keith | AM14: Anne, SOAR | AN14: 2025-10-16: DD changed deployment date to match data and Gantt chart
A15: 45946 | B15: Barachois | C15: =_xlfn.XLOOKUP(Table3[[#This Row],[station]],station_waterbody_county!A:A, station_waterbody_county!B:B) -> Indian Harbour | D15: =_xlfn.XLOOKUP(Table3[[#This Row],[station]],station_waterbody_county!A:A, station_waterbody_county!C:C) -> Guysborough | F15: retrieved | G15: 45623 | H15: 0.59097222 | I15: 45924 | J15: 0.80416667 | K15: 45.084833 | L15: -61.823583 | O15: 45 5.090 | P15: 61 49.415 | Q15: 45 5.085 | R15: 61 49.417 | S15: aquaMeasure DOT | T15: 671428 | U15: 5 | V15: sub-surface buoy | W15: 12.5 | X15: y | Y15: 0.7 | Z15: 1.6 | AA15: falling | AB15: 14" hard vinyl | AD15: 8" hard vinyl | AG15: 7 rotors | AH15: 60 | AI15: none | AJ15: WGS84 | AK15: y | AL15: Nicole, Paul Keith | AM15: Anne, SOAR | AN15: 2025-10-16: DD changed deployment date to match data and Gantt chart
A16: 45946 | B16: Barachois | C16: =_xlfn.XLOOKUP(Table3[[#This Row],[station]],station_waterbody_county!A:A, station_waterbody_county!B:B) -> Indian Harbour | D16: =_xlfn.XLOOKUP(Table3[[#This Row],[station]],station_waterbody_county!A:A, station_waterbody_county!C:C) -> Guysborough | F16: retrieved | G16: 45623 | H16: 0.59097222 | I16: 45924 | J16: 0.80416667 | K16: 45.084833 | L16: -61.823583 | O16: 45 5.090 | P16: 61 49.415 | Q16: 45 5.085 | R16: 61 49.417 | S16: aquaMeasure SAL | T16: 686011 | U16: 5 | V16: sub-surface buoy | W16: 12.5 | X16: y | Y16: 0.7 | Z16: 1.6 | AA16: falling | AB16: 14" hard vinyl | AD16: 8" hard vinyl | AG16: 7 rotors | AH16: 60 | AI16: none | AJ16: WGS84 | AK16: y | AL16: Nicole, Paul Keith | AM16: Anne, SOAR | AN16: 2025-10-16: DD changed deployment date to match data and Gantt chart
A17: 45946 | B17: Barachois | C17: =_xlfn.XLOOKUP(Table3[[#This Row],[station]],station_waterbody_county!A:A, station_waterbody_county!B:B) -> Indian Harbour | D17: =_xlfn.XLOOKUP(Table3[[#This Row],[station]],station_waterbody_county!A:A, station_waterbody_county!C:C) -> Guysborough | F17: retrieved | G17: 45623 | H17: 0.59097222 | I17: 45924 | J17: 0.80416667 | K17: 45.084833 | L17: -61.823583 | O17: 45 5.090 | P17: 61 49.415 | Q17: 45 5.085 | R17: 61 49.417 | S17: HOBO Pro V2 | T17: 22055913 | U17: 10 | V17: sub-surface buoy | W17: 12.5 | X17: y | Y17: 0.7 | Z17: 1.6 | AA17: falling | AB17: 14" hard vinyl | AD17: 8" hard vinyl | AG17: 7 rotors | AH17: 60 | AI17: none | AJ17: WGS84 | AK17: y | AL17: Nicole, Paul Keith | AM17: Anne, SOAR | AN17: 2025-10-16: DD changed deployment date to match data and Gantt chart
A18: 45946 | B18: Barachois | C18: =_xlfn.XLOOKUP(Table3[[#This Row],[station]],station_waterbody_county!A:A, station_waterbody_county!B:B) -> Indian Harbour | D18: =_xlfn.XLOOKUP(Table3[[#This Row],[station]],station_waterbody_county!A:A, station_waterbody_county!C:C) -> Guysborough | F18: retrieved | G18: 45623 | H18: 0.59097222 | I18: 45924 | J18: 0.80416667 | K18: 45.084833 | L18: -61.823583 | O18: 45 5.090 | P18: 61 49.415 | Q18: 45 5.085 | R18: 61 49.417 | S18: VR2AR | T18: 548040 | U18: 10 | V18: sub-surface buoy | W18: 12.5 | X18: y | Y18: 0.7 | Z18: 1.6 | AA18: falling | AB18: 14" hard vinyl | AD18: 8" hard vinyl | AG18: 7 rotors | AH18: 60 | AI18: none | AJ18: WGS84 | AK18: y | AL18: Nicole, Paul Keith | AM18: Anne, SOAR | AN18: 2025-10-16: DD changed deployment date to match data and Gantt chart
A19: 45944 | B19: Barren Island | C19: =_xlfn.XLOOKUP(Table3[[#This Row],[station]],station_waterbody_county!A:A, station_waterbody_county!B:B) -> Marie Joseph Harbour | D19: =_xlfn.XLOOKUP(Table3[[#This Row],[station]],station_waterbody_county!A:A, station_waterbody_county!C:C) -> Guysborough | F19: retrieved | G19: 45547 | H19: 0.69930556 | I19: 45925 | J19: 0.69444444 | O19: 44 57.017 | P19: 62 0.681 | Q19: 44 57.003 | R19: 62 0.679 | S19: HOBO Pro V2 | T19: 21414864 | U19: 2 | V19: sub-surface buoy | W19: 16.5 | X19: y | Y19: 1.6 | Z19: 0.5 | AA19: slack high | AB19: 14" hard vinyl | AD19: 8" hard vinyl | AG19: 7 rotors | AH19: 60 | AI19: none | AJ19: WGS84 | AL19: Anne, SOAR | AM19: Anne, SOAR
A20: 45944 | B20: Barren Island | C20: =_xlfn.XLOOKUP(Table3[[#This Row],[station]],station_waterbody_county!A:A, station_waterbody_county!B:B) -> Marie Joseph Harbour | D20: =_xlfn.XLOOKUP(Table3[[#This Row],[station]],station_waterbody_county!A:A, station_waterbody_county!C:C) -> Guysborough | F20: retrieved | G20: 45547 | H20: 0.69930556 | I20: 45925 | J20: 0.69444444 | O20: 44 57.017 | P20: 62 0.681 | Q20: 44 57.003 | R20: 62 0.679 | S20: aquaMeasure DOT | T20: 675016 | U20: 5 | V20: sub-surface buoy | W20: 16.5 | X20: y | Y20: 1.6 | Z20: 0.5 | AA20: slack high | AB20: 14" hard vinyl | AD20: 8" hard vinyl | AG20: 7 rotors | AH20: 60 | AI20: none | AJ20: WGS84 | AL20: Anne, SOAR | AM20: Anne, SOAR
A21: 45944 | B21: Barren Island | C21: =_xlfn.XLOOKUP(Table3[[#This Row],[station]],station_waterbody_county!A:A, station_waterbody_county!B:B) -> Marie Joseph Harbour | D21: =_xlfn.XLOOKUP(Table3[[#This Row],[station]],station_waterbody_county!A:A, station_waterbody_county!C:C) -> Guysborough | F21: retrieved | G21: 45547 | H21: 0.69930556 | I21: 45925 | J21: 0.69444444 | O21: 44 57.017 | P21: 62 0.681 | Q21: 44 57.003 | R21: 62 0.679 | S21: HOBO Pro V2 | T21: 21650150 | U21: 10 | V21: sub-surface buoy | W21: 16.5 | X21: y | Y21: 1.6 | Z21: 0.5 | AA21: slack high | AB21: 14" hard vinyl | AD21: 8" hard vinyl | AG21: 7 rotors | AH21: 60 | AI21: none | AJ21: WGS84 | AL21: Anne, SOAR | AM21: Anne, SOAR
A22: 45944 | B22: Barren Island | C22: =_xlfn.XLOOKUP(Table3[[#This Row],[station]],station_waterbody_county!A:A, station_waterbody_county!B:B) -> Marie Joseph Harbour | D22: =_xlfn.XLOOKUP(Table3[[#This Row],[station]],station_waterbody_county!A:A, station_waterbody_county!C:C) -> Guysborough | F22: retrieved | G22: 45547 | H22: 0.69930556 | I22: 45925 | J22: 0.69444444 | O22: 44 57.017 | P22: 62 0.681 | Q22: 44 57.003 | R22: 62 0.679 | S22: HOBO Pro V2 | T22: 20330413 | U22: 15 | V22: sub-surface buoy | W22: 16.5 | X22: y | Y22: 1.6 | Z22: 0.5 | AA22: slack high | AB22: 14" hard vinyl | AD22: 8" hard vinyl | AG22: 7 rotors | AH22: 60 | AI22: none | AJ22: WGS84 | AL22: Anne, SOAR | AM22: Anne, SOAR
A23: 45944 | B23: Barren Island | C23: =_xlfn.XLOOKUP(Table3[[#This Row],[station]],station_waterbody_county!A:A, station_waterbody_county!B:B) -> Marie Joseph Harbour | D23: =_xlfn.XLOOKUP(Table3[[#This Row],[station]],station_waterbody_county!A:A, station_waterbody_county!C:C) -> Guysborough | F23: retrieved | G23: 45547 | H23: 0.69930556 | I23: 45925 | J23: 0.69444444 | O23: 44 57.017 | P23: 62 0.681 | Q23: 44 57.003 | R23: 62 0.679 | S23: VR2AR | T23: 547096 | U23: 15 | V23: sub-surface buoy | W23: 16.5 | X23: y | Y23: 1.6 | Z23: 0.5 | AA23: slack high | AB23: 14" hard vinyl | AD23: 8" hard vinyl | AG23: 7 rotors | AH23: 60 | AI23: none | AJ23: WGS84 | AL23: Anne, SOAR | AM23: Anne, SOAR
A24: 45678 | B24: Barren Island | C24: =_xlfn.XLOOKUP(Table3[[#This Row],[station]],station_waterbody_county!A:A, station_waterbody_county!B:B) -> Marie Joseph Harbour | D24: =_xlfn.XLOOKUP(Table3[[#This Row],[station]],station_waterbody_county!A:A, station_waterbody_county!C:C) -> Guysborough | F24: retrieved | G24: 45226 | I24: 45547 | J24: 0.68819444 | K24: 44.950242 | L24: -62.011318 | Q24: 44 57.015 | R24: 62 0.680 | S24: HOBO Pro V2 | T24: 20308044 | U24: 2 | V24: sub-surface buoy | W24: 14.8 | X24: y | Y24: 0.3 | Z24: 1.5 | AB24: 14" hard vinyl | AD24: 8" hard vinyl | AG24: 7 rotors | AI24: none | AJ24: WGS84 | AK24: y | AL24: Michelle Plamondon, Albert Spears | AM24: Anne, SOAR
A25: 45678 | B25: Barren Island | C25: =_xlfn.XLOOKUP(Table3[[#This Row],[station]],station_waterbody_county!A:A, station_waterbody_county!B:B) -> Marie Joseph Harbour | D25: =_xlfn.XLOOKUP(Table3[[#This Row],[station]],station_waterbody_county!A:A, station_waterbody_county!C:C) -> Guysborough | F25: retrieved | G25: 45226 | I25: 45547 | J25: 0.68819444 | K25: 44.950242 | L25: -62.011318 | Q25: 44 57.015 | R25: 62 0.680 | S25: aquaMeasure DOT | T25: 670379 | U25: 5 | V25: sub-surface buoy | W25: 14.8 | X25: y | Y25: 0.3 | Z25: 1.5 | AB25: 14" hard vinyl | AD25: 8" hard vinyl | AG25: 7 rotors | AI25: none | AJ25: WGS84 | AK25: y | AL25: Michelle Plamondon, Albert Spears | AM25: Anne, SOAR
A26: 45678 | B26: Barren Island | C26: =_xlfn.XLOOKUP(Table3[[#This Row],[station]],station_waterbody_county!A:A, station_waterbody_county!B:B) -> Marie Joseph Harbour | D26: =_xlfn.XLOOKUP(Table3[[#This Row],[station]],station_waterbody_county!A:A, station_waterbody_county!C:C) -> Guysborough | F26: retrieved | G26: 45226 | I26: 45547 | J26: 0.68819444 | K26: 44.950242 | L26: -62.011318 | Q26: 44 57.015 | R26: 62 0.680 | S26: HOBO Pro V2 | T26: 21434539 | U26: 10 | V26: sub-surface buoy | W26: 14.8 | X26: y | Y26: 0.3 | Z26: 1.5 | AB26: 14" hard vinyl | AD26: 8" hard vinyl | AG26: 7 rotors | AI26: none | AJ26: WGS84 | AK26: y | AL26: Michelle Plamondon, Albert Spears | AM26: Anne, SOAR
A27: 45678 | B27: Barren Island | C27: =_xlfn.XLOOKUP(Table3[[#This Row],[station]],station_waterbody_county!A:A, station_waterbody_county!B:B) -> Marie Joseph Harbour | D27: =_xlfn.XLOOKUP(Table3[[#This Row],[station]],station_waterbody_county!A:A, station_waterbody_county!C:C) -> Guysborough | F27: retrieved | G27: 45226 | I27: 45547 | J27: 0.68819444 | K27: 44.950242 | L27: -62.011318 | Q27: 44 57.015 | R27: 62 0.680 | S27: VR2AR | T27: 551264 | U27: 15 | V27: sub-surface buoy | W27: 14.8 | X27: y | Y27: 0.3 | Z27: 1.5 | AB27: 14" hard vinyl | AD27: 8" hard vinyl | AG27: 7 rotors | AI27: none | AJ27: WGS84 | AK27: y | AL27: Michelle Plamondon, Albert Spears | AM27: Anne, SOAR
A28: 45519 | B28: Bartletts Beach | C28: =_xlfn.XLOOKUP(Table3[[#This Row],[station]],station_waterbody_county!A:A, station_waterbody_county!B:B) -> Green Cove | D28: =_xlfn.XLOOKUP(Table3[[#This Row],[station]],station_waterbody_county!A:A, station_waterbody_county!C:C) -> Digby | F28: lost | G28: 45141 | K28: 44.010187 | L28: -66.186176 | S28: HOBO Pro V2 | T28: 20291475 | U28: 2 | V28: sub-surface buoy | X28: y | Y28: 3.1 | Z28: 1 | AA28: rising | AB28: 8" hard vinyl | AC28: 8" hard vinyl | AD28: 8" hard vinyl | AG28: 7 rotors | AI28: none | AJ28: WGS84 | AK28: y | AL28: Betty Roethlisberger, Michelle Plamondon | AM28: Anne, SOAR | AN28: (Renamed from SN:Cape St. Mary's/WB: Cape Cove on 2023-08-30 to better reflect location); no contact on attempted retrieval in 2024-08-07
A29: 45519 | B29: Bartletts Beach | C29: =_xlfn.XLOOKUP(Table3[[#This Row],[station]],station_waterbody_county!A:A, station_waterbody_county!B:B) -> Green Cove | D29: =_xlfn.XLOOKUP(Table3[[#This Row],[station]],station_waterbody_county!A:A, station_waterbody_county!C:C) -> Digby | F29: lost | G29: 45141 | K29: 44.010187 | L29: -66.186176 | S29: aquaMeasure DOT | T29: 671330 | U29: 2 | V29: sub-surface buoy | X29: y | Y29: 3.1 | Z29: 1 | AA29: rising | AB29: 8" hard vinyl | AC29: 8" hard vinyl | AD29: 8" hard vinyl | AG29: 7 rotors | AI29: none | AJ29: WGS84 | AK29: y | AL29: Betty Roethlisberger, Michelle Plamondon | AM29: Anne, SOAR | AN29: (Renamed from SN:Cape St. Mary's/WB: Cape Cove on 2023-08-30 to better reflect location); no contact on attempted retrieval in 2024-08-07
A30: 45519 | B30: Bartletts Beach | C30: =_xlfn.XLOOKUP(Table3[[#This Row],[station]],station_waterbody_county!A:A, station_waterbody_county!B:B) -> Green Cove | D30: =_xlfn.XLOOKUP(Table3[[#This Row],[station]],station_waterbody_county!A:A, station_waterbody_county!C:C) -> Digby | F30: lost | G30: 45141 | K30: 44.010187 | L30: -66.186176 | S30: VR2AR | T30: 548578 | U30: 5 | V30: sub-surface buoy | X30: y | Y30: 3.1 | Z30: 1 | AA30: rising | AB30: 8" hard vinyl | AC30: 8" hard vinyl | AD30: 8" hard vinyl | AG30: 7 rotors | AI30: none | AJ30: WGS84 | AK30: y | AL30: Betty Roethlisberger, Michelle Plamondon | AM30: Anne, SOAR | AN30: (Renamed from SN:Cape St. Mary's/WB: Cape Cove on 2023-08-30 to better reflect location); no contact on attempted retrieval in 2024-08-07
A31: 45884 | B31: Bartletts Beach | C31: =_xlfn.XLOOKUP(Table3[[#This Row],[station]],station_waterbody_county!A:A, station_waterbody_county!B:B) -> Green Cove | D31: =_xlfn.XLOOKUP(Table3[[#This Row],[station]],station_waterbody_county!A:A, station_waterbody_county!C:C) -> Digby | F31: deployed | G31: 45869 | H31: 0.55 | O31: 44 0.581 | P31: 66 11.150 | S31: HOBO Pro V2 | T31: 22285926 | U31: 2 | V31: sub-surface buoy | W31: 14.3 | X31: y | Y31: 1.2 | Z31: 1 | AA31: slack low | AB31: 11" hard vinyl | AC31: 11" hard vinyl | AD31: 8" hard vinyl | AE31: none | AG31: 7 rotors | AH31: 60 | AI31: none | AJ31: WGS84 | AL31: Anne, SOAR
A32: 45884 | B32: Bartletts Beach | C32: =_xlfn.XLOOKUP(Table3[[#This Row],[station]],station_waterbody_county!A:A, station_waterbody_county!B:B) -> Green Cove | D32: =_xlfn.XLOOKUP(Table3[[#This Row],[station]],station_waterbody_county!A:A, station_waterbody_county!C:C) -> Digby | F32: deployed | G32: 45869 | H32: 0.55 | O32: 44 0.581 | P32: 66 11.150 | S32: VR2AR | T32: 600013 | U32: 5 | V32: sub-surface buoy | W32: 14.3 | X32: y | Y32: 1.2 | Z32: 1 | AA32: slack low | AB32: 11" hard vinyl | AC32: 11" hard vinyl | AD32: 8" hard vinyl | AE32: none | AG32: 7 rotors | AH32: 60 | AI32: none | AJ32: WGS84 | AL32: Anne, SOAR
A33: 45884 | B33: Bartletts Beach | C33: =_xlfn.XLOOKUP(Table3[[#This Row],[station]],station_waterbody_county!A:A, station_waterbody_county!B:B) -> Green Cove | D33: =_xlfn.XLOOKUP(Table3[[#This Row],[station]],station_waterbody_county!A:A, station_waterbody_county!C:C) -> Digby | F33: deployed | G33: 45869 | H33: 0.55 | O33: 44 0.581 | P33: 66 11.150 | S33: HOBO Pro V2 | T33: 22311509 | U33: 5 | V33: sub-surface buoy | W33: 14.3 | X33: y | Y33: 1.2 | Z33: 1 | AA33: slack low | AB33: 11" hard vinyl | AC33: 11" hard vinyl | AD33: 8" hard vinyl | AE33: none | AG33: 7 rotors | AH33: 60 | AI33: none | AJ33: WGS84 | AL33: Anne, SOAR
A34: 45681 | B34: Bay St. Lawrence | C34: =_xlfn.XLOOKUP(Table3[[#This Row],[station]],station_waterbody_county!A:A, station_waterbody_county!B:B) -> Bay St. Lawrence | D34: =_xlfn.XLOOKUP(Table3[[#This Row],[station]],station_waterbody_county!A:A, station_waterbody_county!C:C) -> Victoria | F34: deployed | G34: 45568 | H34: 0.60555556 | K34: 47.013967 | L34: -60.48855 | O34: 47 0.838 | P34: 60 29.313 | S34: HOBO Pro V2 | T34: 20495248 | U34: 2 | V34: sub-surface buoy | W34: 30 | X34: y | Y34: 1 | Z34: 2 | AA34: falling | AB34: 14" hard vinyl | AD34: 8" hard vinyl | AG34: 7 rotors | AH34: 60 | AI34: none | AJ34: WGS84 | AK34: y | AL34: Kiersten Watson, Nicole Torrie | AN34: Had to lift and drag string ~50m after initial deployment location was too shallow. Check VR2 for damage upon retrieval
A35: 45681 | B35: Bay St. Lawrence | C35: =_xlfn.XLOOKUP(Table3[[#This Row],[station]],station_waterbody_county!A:A, station_waterbody_county!B:B) -> Bay St. Lawrence | D35: =_xlfn.XLOOKUP(Table3[[#This Row],[station]],station_waterbody_county!A:A, station_waterbody_county!C:C) -> Victoria | F35: deployed | G35: 45568 | H35: 0.60555556 | K35: 47.013967 | L35: -60.48855 | O35: 47 0.838 | P35: 60 29.313 | S35: aquaMeasure DOT | T35: 670373 | U35: 5 | V35: sub-surface buoy | W35: 30 | X35: y | Y35: 1 | Z35: 2 | AA35: falling | AB35: 14" hard vinyl | AD35: 8" hard vinyl | AG35: 7 rotors | AH35: 60 | AI35: none | AJ35: WGS84 | AK35: y | AL35: Kiersten Watson, Nicole Torrie | AN35: Had to lift and drag string ~50m after initial deployment location was too shallow. Check VR2 for damage upon retrieval
A36: 45681 | B36: Bay St. Lawrence | C36: =_xlfn.XLOOKUP(Table3[[#This Row],[station]],station_waterbody_county!A:A, station_waterbody_county!B:B) -> Bay St. Lawrence | D36: =_xlfn.XLOOKUP(Table3[[#This Row],[station]],station_waterbody_county!A:A, station_waterbody_county!C:C) -> Victoria | F36: deployed | G36: 45568 | H36: 0.60555556 | K36: 47.013967 | L36: -60.48855 | O36: 47 0.838 | P36: 60 29.313 | S36: HOBO Pro V2 | T36: 20900975 | U36: 10 | V36: sub-surface buoy | W36: 30 | X36: y | Y36: 1 | Z36: 2 | AA36: falling | AB36: 14" hard vinyl | AD36: 8" hard vinyl | AG36: 7 rotors | AH36: 60 | AI36: none | AJ36: WGS84 | AK36: y | AL36: Kiersten Watson, Nicole Torrie | AN36: Had to lift and drag string ~50m after initial deployment location was too shallow. Check VR2 for damage upon retrieval
A37: 45681 | B37: Bay St. Lawrence | C37: =_xlfn.XLOOKUP(Table3[[#This Row],[station]],station_waterbody_county!A:A, station_waterbody_county!B:B) -> Bay St. Lawrence | D37: =_xlfn.XLOOKUP(Table3[[#This Row],[station]],station_waterbody_county!A:A, station_waterbody_county!C:C) -> Victoria | F37: deployed | G37: 45568 | H37: 0.60555556 | K37: 47.013967 | L37: -60.48855 | O37: 47 0.838 | P37: 60 29.313 | S37: HOBO Pro V2 | T37: 20291435 | U37: 15 | V37: sub-surface buoy | W37: 30 | X37: y | Y37: 1 | Z37: 2 | AA37: falling | AB37: 14" hard vinyl | AD37: 8" hard vinyl | AG37: 7 rotors | AH37: 60 | AI37: none | AJ37: WGS84 | AK37: y | AL37: Kiersten Watson, Nicole Torrie | AN37: Had to lift and drag string ~50m after initial deployment location was too shallow. Check VR2 for damage upon retrieval
A38: 45681 | B38: Bay St. Lawrence | C38: =_xlfn.XLOOKUP(Table3[[#This Row],[station]],station_waterbody_county!A:A, station_waterbody_county!B:B) -> Bay St. Lawrence | D38: =_xlfn.XLOOKUP(Table3[[#This Row],[station]],station_waterbody_county!A:A, station_waterbody_county!C:C) -> Victoria | F38: deployed | G38: 45568 | H38: 0.60555556 | K38: 47.013967 | L38: -60.48855 | O38: 47 0.838 | P38: 60 29.313 | S38: HOBO Pro V2 | T38: 20291431 | U38: 20 | V38: sub-surface buoy | W38: 30 | X38: y | Y38: 1 | Z38: 2 | AA38: falling | AB38: 14" hard vinyl | AD38: 8" hard vinyl | AG38: 7 rotors | AH38: 60 | AI38: none | AJ38: WGS84 | AK38: y | AL38: Kiersten Watson, Nicole Torrie | AN38: Had to lift and drag string ~50m after initial deployment location was too shallow. Check VR2 for damage upon retrieval
A39: 45681 | B39: Bay St. Lawrence | C39: =_xlfn.XLOOKUP(Table3[[#This Row],[station]],station_waterbody_county!A:A, station_waterbody_county!B:B) -> Bay St. Lawrence | D39: =_xlfn.XLOOKUP(Table3[[#This Row],[station]],station_waterbody_county!A:A, station_waterbody_county!C:C) -> Victoria | F39: deployed | G39: 45568 | H39: 0.60555556 | K39: 47.013967 | L39: -60.48855 | O39: 47 0.838 | P39: 60 29.313 | S39: VR2AR | T39: 549342 | U39: 25 | V39: sub-surface buoy | W39: 30 | X39: y | Y39: 1 | Z39: 2 | AA39: falling | AB39: 14" hard vinyl | AD39: 8" hard vinyl | AG39: 7 rotors | AH39: 60 | AI39: none | AJ39: WGS84 | AK39: y | AL39: Kiersten Watson, Nicole Torrie | AN39: Had to lift and drag string ~50m after initial deployment location was too shallow. Check VR2 for damage upon retrieval
A40: 45632 | B40: BDLS-1108 | C40: =_xlfn.XLOOKUP(Table3[[#This Row],[station]],station_waterbody_county!A:A, station_waterbody_county!B:B) -> Lochmore Harbour | D40: =_xlfn.XLOOKUP(Table3[[#This Row],[station]],station_waterbody_county!A:A, station_waterbody_county!C:C) -> Cape Breton | F40: retrieved | G40: 45517 | I40: 45594 | K40: 45.894472 | L40: -60.572278 | S40: aquaMeasure SAL | T40: 687479 | U40: 0.9 | V40: attached to fixed structure | W40: 0.9 | X40: n | AG40: cement block | AI40: none | AJ40: WGS84 | AK40: n | AL40: Sindy Dove & Rod Beresford (CBU) | AM40: Sindy Dove & Rod Beresford (CBU) | AN40: Deployed by CBU for MSX monitoring; Limited metadata. Do not include in CMP datasets or reports
A41: 45632 | B41: BDLS-1225 | C41: =_xlfn.XLOOKUP(Table3[[#This Row],[station]],station_waterbody_county!A:A, station_waterbody_county!B:B) -> McKinnons Harbour | D41: =_xlfn.XLOOKUP(Table3[[#This Row],[station]],station_waterbody_county!A:A, station_waterbody_county!C:C) -> Victoria | F41: retrieved | G41: 45504 | I41: 45595 | K41: 45.930472 | L41: -60.932222 | S41: aquaMeasure SAL | T41: 687484 | U41: 0.9 | V41: attached to fixed structure | W41: 0.9 | X41: n | AG41: cement block | AI41: none | AJ41: WGS84 | AK41: n | AL41: Sindy Dove & Rod Beresford (CBU) | AM41: Sindy Dove & Rod Beresford (CBU) | AN41: Deployed by CBU for MSX monitoring; Limited metadata. Do not include in CMP datasets or reports
A42: 45632 | B42: BDLS-1246 | C42: =_xlfn.XLOOKUP(Table3[[#This Row],[station]],station_waterbody_county!A:A, station_waterbody_county!B:B) -> MacIvers Cove | D42: =_xlfn.XLOOKUP(Table3[[#This Row],[station]],station_waterbody_county!A:A, station_waterbody_county!C:C) -> Victoria | F42: retrieved | G42: 45502 | I42: 45600 | K42: 46.048194 | L42: -60.826583 | S42: aquaMeasure SAL | T42: 687483 | U42: 0.9 | V42: attached to fixed structure | W42: 0.9 | X42: n | AG42: cement block | AI42: none | AJ42: WGS84 | AK42: n | AL42: Sindy Dove & Rod Beresford (CBU) | AM42: Sindy Dove & Rod Beresford (CBU) | AN42: Deployed by CBU for MSX monitoring; Limited metadata. Do not include in CMP datasets or reports
A43: 45632 | B43: BDLS-1430 | C43: =_xlfn.XLOOKUP(Table3[[#This Row],[station]],station_waterbody_county!A:A, station_waterbody_county!B:B) -> Whycocomagh Bay | D43: =_xlfn.XLOOKUP(Table3[[#This Row],[station]],station_waterbody_county!A:A, station_waterbody_county!C:C) -> Inverness | F43: retrieved | G43: 45513 | I43: 45597 | K43: 45.979667 | L43: -61.028833 | S43: aquaMeasure SAL | T43: 687487 | U43: 0.9 | V43: attached to fixed structure | W43: 0.9 | X43: n | AG43: cement block | AI43: none | AJ43: WGS84 | AK43: n | AL43: Sindy Dove & Rod Beresford (CBU) | AM43: Sindy Dove & Rod Beresford (CBU) | AN43: Deployed by CBU for MSX monitoring; Limited metadata. Do not include in CMP datasets or reports
A44: 45632 | B44: BDLS-193 | C44: =_xlfn.XLOOKUP(Table3[[#This Row],[station]],station_waterbody_county!A:A, station_waterbody_county!B:B) -> Denas Pond | D44: =_xlfn.XLOOKUP(Table3[[#This Row],[station]],station_waterbody_county!A:A, station_waterbody_county!C:C) -> Inverness | F44: retrieved | G44: 45502 | I44: 45595 | K44: 46.008028 | L44: -60.98925 | S44: aquaMeasure SAL | T44: 687489 | U44: 0.9 | V44: attached to fixed structure | W44: 0.9 | X44: n | AG44: cement block | AI44: none | AJ44: WGS84 | AK44: n | AL44: Sindy Dove & Rod Beresford (CBU) | AM44: Sindy Dove & Rod Beresford (CBU) | AN44: Deployed by CBU for MSX monitoring; Limited metadata. Do not include in CMP datasets or reports
A45: 45632 | B45: BDLS-496 | C45: =_xlfn.XLOOKUP(Table3[[#This Row],[station]],station_waterbody_county!A:A, station_waterbody_county!B:B) -> MacLeans Cove | D45: =_xlfn.XLOOKUP(Table3[[#This Row],[station]],station_waterbody_county!A:A, station_waterbody_county!C:C) -> Inverness | F45: retrieved | G45: 45509 | I45: 45603 | K45: 45.866 | L45: -61.059194 | S45: aquaMeasure SAL | T45: 687494 | U45: 0.9 | V45: attached to fixed structure | W45: 0.9 | X45: n | AG45: cement block | AI45: none | AJ45: WGS84 | AK45: n | AL45: Sindy Dove & Rod Beresford (CBU) | AM45: Sindy Dove & Rod Beresford (CBU) | AN45: Deployed by CBU for MSX monitoring; Limited metadata. Do not include in CMP datasets or reports
A46: 45632 | B46: BDLS-838 | C46: =_xlfn.XLOOKUP(Table3[[#This Row],[station]],station_waterbody_county!A:A, station_waterbody_county!B:B) -> Soldiers Cove | D46: =_xlfn.XLOOKUP(Table3[[#This Row],[station]],station_waterbody_county!A:A, station_waterbody_county!C:C) -> Richmond | F46: retrieved | G46: 45517 | I46: 45594 | K46: 45.696667 | L46: -60.7425 | S46: aquaMeasure SAL | T46: 687481 | U46: 0.9 | V46: attached to fixed structure | W46: 0.9 | X46: n | AG46: cement block | AI46: none | AJ46: WGS84 | AK46: n | AL46: Sindy Dove & Rod Beresford (CBU) | AM46: Sindy Dove & Rod Beresford (CBU) | AN46: Deployed by CBU for MSX monitoring; Limited metadata. Do not include in CMP datasets or reports
A47: 45636 | B47: BDLS-AD | C47: =_xlfn.XLOOKUP(Table3[[#This Row],[station]],station_waterbody_county!A:A, station_waterbody_county!B:B) -> Whycocomagh Bay | D47: =_xlfn.XLOOKUP(Table3[[#This Row],[station]],station_waterbody_county!A:A, station_waterbody_county!C:C) -> Inverness | F47: retrieved | G47: 45513 | I47: 45623 | K47: 45.957861 | L47: -61.001583 | S47: aquaMeasure SAL | T47: 687485 | U47: 0.9 | V47: attached to fixed structure | W47: 0.9 | X47: n | AG47: cement block | AI47: none | AJ47: WGS84 | AK47: n | AL47: Sindy Dove & Rod Beresford (CBU) | AM47: Sindy Dove & Rod Beresford (CBU) | AN47: Deployed by CBU for MSX monitoring; Limited metadata. Do not include in CMP datasets or reports
A48: 45632 | B48: BDLS-BMB | C48: =_xlfn.XLOOKUP(Table3[[#This Row],[station]],station_waterbody_county!A:A, station_waterbody_county!B:B) -> Little Boom | D48: =_xlfn.XLOOKUP(Table3[[#This Row],[station]],station_waterbody_county!A:A, station_waterbody_county!C:C) -> Inverness | F48: retrieved | G48: 45509 | I48: 45601 | K48: 45.904889 | L48: -61.01825 | S48: aquaMeasure SAL | T48: 687491 | U48: 0.9 | V48: attached to fixed structure | W48: 0.9 | X48: n | AG48: cement block | AI48: none | AJ48: WGS84 | AK48: n | AL48: Sindy Dove & Rod Beresford (CBU) | AM48: Sindy Dove & Rod Beresford (CBU) | AN48: Deployed by CBU for MSX monitoring; Limited metadata. Do not include in CMP datasets or reports
A49: 45632 | B49: BDLS-BP | C49: =_xlfn.XLOOKUP(Table3[[#This Row],[station]],station_waterbody_county!A:A, station_waterbody_county!B:B) -> Benacadie Pond | D49: =_xlfn.XLOOKUP(Table3[[#This Row],[station]],station_waterbody_county!A:A, station_waterbody_county!C:C) -> Cape Breton | F49: retrieved | G49: 45517 | I49: 45594 | K49: 45.903139 | L49: -60.72325 | S49: aquaMeasure SAL | T49: 687477 | U49: 0.9 | V49: attached to fixed structure | W49: 0.9 | X49: n | AG49: cement block | AI49: none | AJ49: WGS84 | AK49: n | AL49: Sindy Dove & Rod Beresford (CBU) | AM49: Sindy Dove & Rod Beresford (CBU) | AN49: Deployed by CBU for MSX monitoring; Limited metadata. Do not include in CMP datasets or reports
A50: 45632 | B50: BDLS-BSA | C50: =_xlfn.XLOOKUP(Table3[[#This Row],[station]],station_waterbody_county!A:A, station_waterbody_county!B:B) -> MacKillops Pond | D50: =_xlfn.XLOOKUP(Table3[[#This Row],[station]],station_waterbody_county!A:A, station_waterbody_county!C:C) -> Victoria | F50: retrieved | G50: 45509 | I50: 45597 | K50: 46.216917 | L50: -60.59725 | S50: aquaMeasure SAL | T50: 687482 | U50: 0.9 | V50: attached to fixed structure | W50: 0.9 | X50: n | AG50: cement block | AI50: none | AJ50: WGS84 | AK50: n | AL50: Sindy Dove & Rod Beresford (CBU) | AM50: Sindy Dove & Rod Beresford (CBU) | AN50: Deployed by CBU for MSX monitoring. Missing data - would not offload from sensors
A51: 45632 | B51: BDLS-EBS | C51: =_xlfn.XLOOKUP(Table3[[#This Row],[station]],station_waterbody_county!A:A, station_waterbody_county!B:B) -> East Bay | D51: =_xlfn.XLOOKUP(Table3[[#This Row],[station]],station_waterbody_county!A:A, station_waterbody_county!C:C) -> Cape Breton | F51: retrieved | G51: 45517 | I51: 45594 | K51: 46.015694 | L51: -60.393 | S51: aquaMeasure SAL | T51: 687480 | U51: 0.9 | V51: attached to fixed structure | W51: 0.9 | X51: n | AG51: cement block | AI51: none | AJ51: WGS84 | AK51: n | AL51: Sindy Dove & Rod Beresford (CBU) | AM51: Sindy Dove & Rod Beresford (CBU) | AN51: Deployed by CBU for MSX monitoring; Limited metadata. Do not include in CMP datasets or reports
... A59: 45632 | B59: BDLS-WBR | C59: =_xlfn.XLOOKUP(Table3[[#This Row],[station]],station_waterbody_county!A:A, station_waterbody_county!B:B) -> Campbells Cove | D59: =_xlfn.XLOOKUP(Table3[[#This Row],[station]],station_waterbody_county!A:A, station_waterbody_county!C:C) -> Victoria | F59: retrieved | G59: 45502 | I59: 45601 | K59: 46.025167 | L59: -60.863 | S59: aquaMeasure SAL | T59: 687495 | U59: 0.9 | V59: attached to fixed structure | W59: 0.9 | X59: n | AG59: cement block | AI59: none | AJ59: WGS84 | AK59: n | AL59: Sindy Dove & Rod Beresford (CBU) | AM59: Sindy Dove & Rod Beresford (CBU) | AN59: Deployed by CBU for MSX monitoring; Limited metadata. Do not include in CMP datasets or reports
A60: 45884 | B60: Big Pond Point | C60: =_xlfn.XLOOKUP(Table3[[#This Row],[station]],station_waterbody_county!A:A, station_waterbody_county!B:B) -> Chebogue Harbour | D60: =_xlfn.XLOOKUP(Table3[[#This Row],[station]],station_waterbody_county!A:A, station_waterbody_county!C:C) -> Yarmouth | F60: retrieved | G60: 45511 | H60: 0.75902778 | I60: 45869 | J60: 0.59513889 | O60: 43 46.236 | P60: 66 8.097 | Q60: 43 46.232 | R60: 66 8.163 | S60: HOBO Pro V2 | T60: 21043075 | U60: 2 | V60: sub-surface buoy | W60: 15.8 | X60: y | Y60: 3.5 | Z60: 0.5 | AA60: falling | AB60: 11" hard vinyl | AD60: 8" hard vinyl | AG60: 7 rotors | AH60: 60 | AI60: none | AJ60: WGS84 | AK60: n | AL60: Anne, SOAR | AM60: Anne, SOAR | AN60: string drifted 88 m
A61: 45884 | B61: Big Pond Point | C61: =_xlfn.XLOOKUP(Table3[[#This Row],[station]],station_waterbody_county!A:A, station_waterbody_county!B:B) -> Chebogue Harbour | D61: =_xlfn.XLOOKUP(Table3[[#This Row],[station]],station_waterbody_county!A:A, station_waterbody_county!C:C) -> Yarmouth | F61: retrieved | G61: 45511 | H61: 0.75902778 | I61: 45869 | J61: 0.59513889 | O61: 43 46.236 | P61: 66 8.097 | Q61: 43 46.232 | R61: 66 8.163 | S61: aquaMeasure DOT | T61: 671430 | U61: 5 | V61: sub-surface buoy | W61: 15.8 | X61: y | Y61: 3.5 | Z61: 0.5 | AA61: falling | AB61: 11" hard vinyl | AD61: 8" hard vinyl | AG61: 7 rotors | AH61: 60 | AI61: none | AJ61: WGS84 | AK61: n | AL61: Anne, SOAR | AM61: Anne, SOAR | AN61: string drifted 88 m
A62: 45884 | B62: Big Pond Point | C62: =_xlfn.XLOOKUP(Table3[[#This Row],[station]],station_waterbody_county!A:A, station_waterbody_county!B:B) -> Chebogue Harbour | D62: =_xlfn.XLOOKUP(Table3[[#This Row],[station]],station_waterbody_county!A:A, station_waterbody_county!C:C) -> Yarmouth | F62: retrieved | G62: 45511 | H62: 0.75902778 | I62: 45869 | J62: 0.59513889 | O62: 43 46.236 | P62: 66 8.097 | Q62: 43 46.232 | R62: 66 8.163 | S62: HOBO Pro V2 | T62: 20820324 | U62: 10 | V62: sub-surface buoy | W62: 15.8 | X62: y | Y62: 3.5 | Z62: 0.5 | AA62: falling | AB62: 11" hard vinyl | AD62: 8" hard vinyl | AG62: 7 rotors | AH62: 60 | AI62: none | AJ62: WGS84 | AK62: n | AL62: Anne, SOAR | AM62: Anne, SOAR | AN62: string drifted 88 m
A63: 45884 | B63: Big Pond Point | C63: =_xlfn.XLOOKUP(Table3[[#This Row],[station]],station_waterbody_county!A:A, station_waterbody_county!B:B) -> Chebogue Harbour | D63: =_xlfn.XLOOKUP(Table3[[#This Row],[station]],station_waterbody_county!A:A, station_waterbody_county!C:C) -> Yarmouth | F63: retrieved | G63: 45511 | H63: 0.75902778 | I63: 45869 | J63: 0.59513889 | O63: 43 46.236 | P63: 66 8.097 | Q63: 43 46.232 | R63: 66 8.163 | S63: VR2AR | T63: 548582 | U63: 12 | V63: sub-surface buoy | W63: 15.8 | X63: y | Y63: 3.5 | Z63: 0.5 | AA63: falling | AB63: 11" hard vinyl | AD63: 8" hard vinyl | AG63: 7 rotors | AH63: 60 | AI63: none | AJ63: WGS84 | AK63: n | AL63: Anne, SOAR | AM63: Anne, SOAR | AN63: string drifted 88 m
A64: 45678 | B64: Big Pond Point | C64: =_xlfn.XLOOKUP(Table3[[#This Row],[station]],station_waterbody_county!A:A, station_waterbody_county!B:B) -> Chebogue Harbour | D64: =_xlfn.XLOOKUP(Table3[[#This Row],[station]],station_waterbody_county!A:A, station_waterbody_county!C:C) -> Yarmouth | F64: retrieved | G64: 45141 | I64: 45511 | J64: 0.74375 | K64: 43.77043 | L64: -66.13515 | Q64: 43 46.226 | R64: 66 8.101 | S64: HOBO Pro V2 | T64: 21650150 | U64: 2 | V64: sub-surface buoy | W64: 13.1 | X64: y | Z64: 1 | AB64: 11" hard vinyl | AD64: 8" hard vinyl | AI64: none | AL64: Betty Roethlisberger, Michelle Plamondon, Danny Rowe | AM64: Anne, SOAR
A65: 45678 | B65: Big Pond Point | C65: =_xlfn.XLOOKUP(Table3[[#This Row],[station]],station_waterbody_county!A:A, station_waterbody_county!B:B) -> Chebogue Harbour | D65: =_xlfn.XLOOKUP(Table3[[#This Row],[station]],station_waterbody_county!A:A, station_waterbody_county!C:C) -> Yarmouth | F65: retrieved | G65: 45141 | I65: 45511 | J65: 0.74375 | K65: 43.77043 | L65: -66.13515 | Q65: 43 46.226 | R65: 66 8.101 | S65: aquaMeasure DOT | T65: 671188 | U65: 5 | V65: sub-surface buoy | W65: 13.1 | X65: y | Z65: 1 | AB65: 11" hard vinyl | AD65: 8" hard vinyl | AI65: none | AL65: Betty Roethlisberger, Michelle Plamondon, Danny Rowe | AM65: Anne, SOAR
A66: 45678 | B66: Big Pond Point | C66: =_xlfn.XLOOKUP(Table3[[#This Row],[station]],station_waterbody_county!A:A, station_waterbody_county!B:B) -> Chebogue Harbour | D66: =_xlfn.XLOOKUP(Table3[[#This Row],[station]],station_waterbody_county!A:A, station_waterbody_county!C:C) -> Yarmouth | F66: retrieved | G66: 45141 | I66: 45511 | J66: 0.74375 | K66: 43.77043 | L66: -66.13515 | Q66: 43 46.226 | R66: 66 8.101 | S66: HOBO Pro V2 | T66: 21152407 | U66: 10 | V66: sub-surface buoy | W66: 13.1 | X66: y | Z66: 1 | AB66: 11" hard vinyl | AD66: 8" hard vinyl | AI66: none | AL66: Betty Roethlisberger, Michelle Plamondon, Danny Rowe | AM66: Anne, SOAR
A67: 45678 | B67: Big Pond Point | C67: =_xlfn.XLOOKUP(Table3[[#This Row],[station]],station_waterbody_county!A:A, station_waterbody_county!B:B) -> Chebogue Harbour | D67: =_xlfn.XLOOKUP(Table3[[#This Row],[station]],station_waterbody_county!A:A, station_waterbody_county!C:C) -> Yarmouth | F67: retrieved | G67: 45141 | I67: 45511 | J67: 0.74375 | K67: 43.77043 | L67: -66.13515 | Q67: 43 46.226 | R67: 66 8.101 | S67: VR2AR | T67: 549342 | U67: 12 | V67: sub-surface buoy | W67: 13.1 | X67: y | Z67: 1 | AB67: 11" hard vinyl | AD67: 8" hard vinyl | AI67: none | AL67: Betty Roethlisberger, Michelle Plamondon, Danny Rowe | AM67: Anne, SOAR
A68: 45884 | B68: Big Pond Point | C68: =_xlfn.XLOOKUP(Table3[[#This Row],[station]],station_waterbody_county!A:A, station_waterbody_county!B:B) -> Chebogue Harbour | D68: =_xlfn.XLOOKUP(Table3[[#This Row],[station]],station_waterbody_county!A:A, station_waterbody_county!C:C) -> Yarmouth | F68: deployed | G68: 45869 | H68: 0.61805556 | O68: 43 46.230 | P68: 66 8.106 | S68: HOBO Pro V2 | T68: 22310023 | U68: 2 | V68: sub-surface buoy | W68: 13.9 | X68: y | Y68: 1.7 | Z68: 0.5 | AA68: rising | AB68: 11" hard vinyl | AD68: 8" hard vinyl | AE68: none | AG68: 7 rotors | AH68: 60 | AI68: none | AJ68: WGS84 | AL68: Anne, SOAR
A69: 45884 | B69: Big Pond Point | C69: =_xlfn.XLOOKUP(Table3[[#This Row],[station]],station_waterbody_county!A:A, station_waterbody_county!B:B) -> Chebogue Harbour | D69: =_xlfn.XLOOKUP(Table3[[#This Row],[station]],station_waterbody_county!A:A, station_waterbody_county!C:C) -> Yarmouth | F69: deployed | G69: 45869 | H69: 0.61805556 | O69: 43 46.230 | P69: 66 8.106 | S69: HOBO Pro V2 | T69: 22310011 | U69: 5 | V69: sub-surface buoy | W69: 13.9 | X69: y | Y69: 1.7 | Z69: 0.5 | AA69: rising | AB69: 11" hard vinyl | AD69: 8" hard vinyl | AE69: none | AG69: 7 rotors | AH69: 60 | AI69: none | AJ69: WGS84 | AL69: Anne, SOAR
A70: 45884 | B70: Big Pond Point | C70: =_xlfn.XLOOKUP(Table3[[#This Row],[station]],station_waterbody_county!A:A, station_waterbody_county!B:B) -> Chebogue Harbour | D70: =_xlfn.XLOOKUP(Table3[[#This Row],[station]],station_waterbody_county!A:A, station_waterbody_county!C:C) -> Yarmouth | F70: deployed | G70: 45869 | H70: 0.61805556 | O70: 43 46.230 | P70: 66 8.106 | S70: HOBO Pro V2 | T70: 22285918 | U70: 10 | V70: sub-surface buoy | W70: 13.9 | X70: y | Y70: 1.7 | Z70: 0.5 | AA70: rising | AB70: 11" hard vinyl | AD70: 8" hard vinyl | AE70: none | AG70: 7 rotors | AH70: 60 | AI70: none | AJ70: WGS84 | AL70: Anne, SOAR
A71: 45884 | B71: Big Pond Point | C71: =_xlfn.XLOOKUP(Table3[[#This Row],[station]],station_waterbody_county!A:A, station_waterbody_county!B:B) -> Chebogue Harbour | D71: =_xlfn.XLOOKUP(Table3[[#This Row],[station]],station_waterbody_county!A:A, station_waterbody_county!C:C) -> Yarmouth | F71: deployed | G71: 45869 | H71: 0.61805556 | O71: 43 46.230 | P71: 66 8.106 | S71: VR2AR | T71: 548572 | U71: 12 | V71: sub-surface buoy | W71: 13.9 | X71: y | Y71: 1.7 | Z71: 0.5 | AA71: rising | AB71: 11" hard vinyl | AD71: 8" hard vinyl | AE71: none | AG71: 7 rotors | AH71: 60 | AI71: none | AJ71: WGS84 | AL71: Anne, SOAR
A72: 45884 | B72: Big Pond Point | C72: =_xlfn.XLOOKUP(Table3[[#This Row],[station]],station_waterbody_county!A:A, station_waterbody_county!B:B) -> Chebogue Harbour | D72: =_xlfn.XLOOKUP(Table3[[#This Row],[station]],station_waterbody_county!A:A, station_waterbody_county!C:C) -> Yarmouth | F72: deployed | G72: 45869 | H72: 0.61805556 | O72: 43 46.230 | P72: 66 8.106 | S72: HOBO Pro V2 | T72: 22311484 | U72: 12 | V72: sub-surface buoy | W72: 13.9 | X72: y | Y72: 1.7 | Z72: 0.5 | AA72: rising | AB72: 11" hard vinyl | AD72: 8" hard vinyl | AE72: none | AG72: 7 rotors | AH72: 60 | AI72: none | AJ72: WGS84 | AL72: Anne, SOAR
A73: 45623 | B73: Birchy Head | C73: =_xlfn.XLOOKUP(Table3[[#This Row],[station]],station_waterbody_county!A:A, station_waterbody_county!B:B) -> St. Margarets Bay | D73: =_xlfn.XLOOKUP(Table3[[#This Row],[station]],station_waterbody_county!A:A, station_waterbody_county!C:C) -> Lunenburg | F73: retrieved | G73: 45414 | H73: 0.69236111 | I73: 45617 | J73: 0.69166667 | K73: 44.5701 | L73: -64.034383 | O73: 44 34.206 | P73: 64 2.063 | Q73: 44 34.190 | R73: 64 2.057 | S73: HOBO Pro V2 | T73: 20763553 | U73: 2 | V73: sub-surface buoy | W73: 43.3 | X73: y | Y73: 1.4 | Z73: 1 | AA73: rising | AB73: 14" hard vinyl | AD73: 8" hard vinyl | AG73: 7 rotors | AH73: 60 | AI73: none | AJ73: WGS84 | AK73: n | AL73: Anne, SOAR | AM73: Anne, SOAR | AN73: briefly retrieved 2024-06-05 (14:35:00-14:55:00 UTC) & redeployed; deployment location noted here is current/correct
A74: 45623 | B74: Birchy Head | C74: =_xlfn.XLOOKUP(Table3[[#This Row],[station]],station_waterbody_county!A:A, station_waterbody_county!B:B) -> St. Margarets Bay | D74: =_xlfn.XLOOKUP(Table3[[#This Row],[station]],station_waterbody_county!A:A, station_waterbody_county!C:C) -> Lunenburg | F74: retrieved | G74: 45414 | H74: 0.69236111 | I74: 45617 | J74: 0.69166667 | K74: 44.5701 | L74: -64.034383 | O74: 44 34.206 | P74: 64 2.063 | Q74: 44 34.190 | R74: 64 2.057 | S74: HOBO DO | T74: 21429532 | U74: 5 | V74: sub-surface buoy | W74: 43.3 | X74: y | Y74: 1.4 | Z74: 1 | AA74: rising | AB74: 14" hard vinyl | AD74: 8" hard vinyl | AG74: 7 rotors | AH74: 60 | AI74: none | AJ74: WGS84 | AK74: n | AL74: Anne, SOAR | AM74: Anne, SOAR | AN74: briefly retrieved 2024-06-05 (14:35:00-14:55:00 UTC) & redeployed; deployment location noted here is current/correct
A75: 45623 | B75: Birchy Head | C75: =_xlfn.XLOOKUP(Table3[[#This Row],[station]],station_waterbody_county!A:A, station_waterbody_county!B:B) -> St. Margarets Bay | D75: =_xlfn.XLOOKUP(Table3[[#This Row],[station]],station_waterbody_county!A:A, station_waterbody_county!C:C) -> Lunenburg | F75: retrieved | G75: 45414 | H75: 0.69236111 | I75: 45617 | J75: 0.69166667 | K75: 44.5701 | L75: -64.034383 | O75: 44 34.206 | P75: 64 2.063 | Q75: 44 34.190 | R75: 64 2.057 | S75: HOBO Pro V2 | T75: 21434535 | U75: 10 | V75: sub-surface buoy | W75: 43.3 | X75: y | Y75: 1.4 | Z75: 1 | AA75: rising | AB75: 14" hard vinyl | AD75: 8" hard vinyl | AG75: 7 rotors | AH75: 60 | AI75: none | AJ75: WGS84 | AK75: n | AL75: Anne, SOAR | AM75: Anne, SOAR | AN75: briefly retrieved 2024-06-05 (14:35:00-14:55:00 UTC) & redeployed; deployment location noted here is current/correct
A76: 45623 | B76: Birchy Head | C76: =_xlfn.XLOOKUP(Table3[[#This Row],[station]],station_waterbody_county!A:A, station_waterbody_county!B:B) -> St. Margarets Bay | D76: =_xlfn.XLOOKUP(Table3[[#This Row],[station]],station_waterbody_county!A:A, station_waterbody_county!C:C) -> Lunenburg | F76: retrieved | G76: 45414 | H76: 0.69236111 | I76: 45617 | J76: 0.69166667 | K76: 44.5701 | L76: -64.034383 | O76: 44 34.206 | P76: 64 2.063 | Q76: 44 34.190 | R76: 64 2.057 | S76: HOBO Pro V2 | T76: 20308042 | U76: 15 | V76: sub-surface buoy | W76: 43.3 | X76: y | Y76: 1.4 | Z76: 1 | AA76: rising | AB76: 14" hard vinyl | AD76: 8" hard vinyl | AG76: 7 rotors | AH76: 60 | AI76: none | AJ76: WGS84 | AK76: n | AL76: Anne, SOAR | AM76: Anne, SOAR | AN76: briefly retrieved 2024-06-05 (14:35:00-14:55:00 UTC) & redeployed; deployment location noted here is current/correct
A77: 45623 | B77: Birchy Head | C77: =_xlfn.XLOOKUP(Table3[[#This Row],[station]],station_waterbody_county!A:A, station_waterbody_county!B:B) -> St. Margarets Bay | D77: =_xlfn.XLOOKUP(Table3[[#This Row],[station]],station_waterbody_county!A:A, station_waterbody_county!C:C) -> Lunenburg | F77: retrieved | G77: 45414 | H77: 0.69236111 | I77: 45617 | J77: 0.69166667 | K77: 44.5701 | L77: -64.034383 | O77: 44 34.206 | P77: 64 2.063 | Q77: 44 34.190 | R77: 64 2.057 | S77: HOBO Pro V2 | T77: 21465806 | U77: 20 | V77: sub-surface buoy | W77: 43.3 | X77: y | Y77: 1.4 | Z77: 1 | AA77: rising | AB77: 14" hard vinyl | AD77: 8" hard vinyl | AG77: 7 rotors | AH77: 60 | AI77: none | AJ77: WGS84 | AK77: n | AL77: Anne, SOAR | AM77: Anne, SOAR | AN77: briefly retrieved 2024-06-05 (14:35:00-14:55:00 UTC) & redeployed; deployment location noted here is current/correct
A78: 45623 | B78: Birchy Head | C78: =_xlfn.XLOOKUP(Table3[[#This Row],[station]],station_waterbody_county!A:A, station_waterbody_county!B:B) -> St. Margarets Bay | D78: =_xlfn.XLOOKUP(Table3[[#This Row],[station]],station_waterbody_county!A:A, station_waterbody_county!C:C) -> Lunenburg | F78: retrieved | G78: 45414 | H78: 0.69236111 | I78: 45617 | J78: 0.69166667 | K78: 44.5701 | L78: -64.034383 | O78: 44 34.206 | P78: 64 2.063 | Q78: 44 34.190 | R78: 64 2.057 | S78: HOBO Pro V2 | T78: 21082892 | U78: 30 | V78: sub-surface buoy | W78: 43.3 | X78: y | Y78: 1.4 | Z78: 1 | AA78: rising | AB78: 14" hard vinyl | AD78: 8" hard vinyl | AG78: 7 rotors | AH78: 60 | AI78: none | AJ78: WGS84 | AK78: n | AL78: Anne, SOAR | AM78: Anne, SOAR | AN78: briefly retrieved 2024-06-05 (14:35:00-14:55:00 UTC) & redeployed; deployment location noted here is current/correct
A79: 45623 | B79: Birchy Head | C79: =_xlfn.XLOOKUP(Table3[[#This Row],[station]],station_waterbody_county!A:A, station_waterbody_county!B:B) -> St. Margarets Bay | D79: =_xlfn.XLOOKUP(Table3[[#This Row],[station]],station_waterbody_county!A:A, station_waterbody_county!C:C) -> Lunenburg | F79: retrieved | G79: 45414 | H79: 0.69236111 | I79: 45617 | J79: 0.69166667 | K79: 44.5701 | L79: -64.034383 | O79: 44 34.206 | P79: 64 2.063 | Q79: 44 34.190 | R79: 64 2.057 | S79: VR2AR | T79: 548564 | U79: 40 | V79: sub-surface buoy | W79: 43.3 | X79: y | Y79: 1.4 | Z79: 1 | AA79: rising | AB79: 14" hard vinyl | AD79: 8" hard vinyl | AG79: 7 rotors | AH79: 60 | AI79: none | AJ79: WGS84 | AK79: n | AL79: Anne, SOAR | AM79: Anne, SOAR | AN79: no data collection until 2024-06-05 14:55:00 UTC; deployment location noted here is current/correct
A80: 45678 | B80: Birchy Head | C80: =_xlfn.XLOOKUP(Table3[[#This Row],[station]],station_waterbody_county!A:A, station_waterbody_county!B:B) -> St. Margarets Bay | D80: =_xlfn.XLOOKUP(Table3[[#This Row],[station]],station_waterbody_county!A:A, station_waterbody_county!C:C) -> Lunenburg | F80: retrieved | G80: 45240 | I80: 45414 | J80: 0.65069444 | K80: 44.569939 | L80: -64.034463 | M80: 44.570148 | N80: -64.034546 | Q80: 44 34.208 | R80: 64 2.07276 | S80: HOBO Pro V2 | T80: 20291437 | U80: 2 | V80: sub-surface buoy | W80: 40.5 | X80: y | Z80: 1.5 | AB80: 14" hard vinyl | AD80: 8" hard vinyl | AG80: 7 rotors | AI80: none | AJ80: WGS84 | AK80: y | AL80: Michelle Plamondon, Will Rowe | AM80: Anne, SOAR
A81: 45678 | B81: Birchy Head | C81: =_xlfn.XLOOKUP(Table3[[#This Row],[station]],station_waterbody_county!A:A, station_waterbody_county!B:B) -> St. Margarets Bay | D81: =_xlfn.XLOOKUP(Table3[[#This Row],[station]],station_waterbody_county!A:A, station_waterbody_county!C:C) -> Lunenburg | F81: retrieved | G81: 45240 | I81: 45414 | J81: 0.65069444 | K81: 44.569939 | L81: -64.034463 | M81: 44.570148 | N81: -64.034546 | Q81: 44 34.208 | R81: 64 2.07276 | S81: HOBO DO | T81: 20834033 | U81: 5 | V81: sub-surface buoy | W81: 40.5 | X81: y | Z81: 1.5 | AB81: 14" hard vinyl | AD81: 8" hard vinyl | AG81: 7 rotors | AI81: none | AJ81: WGS84 | AK81: y | AL81: Michelle Plamondon, Will Rowe | AM81: Anne, SOAR
A82: 45678 | B82: Birchy Head | C82: =_xlfn.XLOOKUP(Table3[[#This Row],[station]],station_waterbody_county!A:A, station_waterbody_county!B:B) -> St. Margarets Bay | D82: =_xlfn.XLOOKUP(Table3[[#This Row],[station]],station_waterbody_county!A:A, station_waterbody_county!C:C) -> Lunenburg | F82: retrieved | G82: 45240 | I82: 45414 | J82: 0.65069444 | K82: 44.569939 | L82: -64.034463 | M82: 44.570148 | N82: -64.034546 | Q82: 44 34.208 | R82: 64 2.07276 | S82: HOBO Pro V2 | T82: 20820323 | U82: 10 | V82: sub-surface buoy | W82: 40.5 | X82: y | Z82: 1.5 | AB82: 14" hard vinyl | AD82: 8" hard vinyl | AG82: 7 rotors | AI82: none | AJ82: WGS84 | AK82: y | AL82: Michelle Plamondon, Will Rowe | AM82: Anne, SOAR
A83: 45678 | B83: Birchy Head | C83: =_xlfn.XLOOKUP(Table3[[#This Row],[station]],station_waterbody_county!A:A, station_waterbody_county!B:B) -> St. Margarets Bay | D83: =_xlfn.XLOOKUP(Table3[[#This Row],[station]],station_waterbody_county!A:A, station_waterbody_county!C:C) -> Lunenburg | F83: retrieved | G83: 45240 | I83: 45414 | J83: 0.65069444 | K83: 44.569939 | L83: -64.034463 | M83: 44.570148 | N83: -64.034546 | Q83: 44 34.208 | R83: 64 2.07276 | S83: HOBO Pro V2 | T83: 20495249 | U83: 15 | V83: sub-surface buoy | W83: 40.5 | X83: y | Z83: 1.5 | AB83: 14" hard vinyl | AD83: 8" hard vinyl | AG83: 7 rotors | AI83: none | AJ83: WGS84 | AK83: y | AL83: Michelle Plamondon, Will Rowe | AM83: Anne, SOAR
A84: 45678 | B84: Birchy Head | C84: =_xlfn.XLOOKUP(Table3[[#This Row],[station]],station_waterbody_county!A:A, station_waterbody_county!B:B) -> St. Margarets Bay | D84: =_xlfn.XLOOKUP(Table3[[#This Row],[station]],station_waterbody_county!A:A, station_waterbody_county!C:C) -> Lunenburg | F84: retrieved | G84: 45240 | I84: 45414 | J84: 0.65069444 | K84: 44.569939 | L84: -64.034463 | M84: 44.570148 | N84: -64.034546 | Q84: 44 34.208 | R84: 64 2.07276 | S84: HOBO Pro V2 | T84: 21465757 | U84: 20 | V84: sub-surface buoy | W84: 40.5 | X84: y | Z84: 1.5 | AB84: 14" hard vinyl | AD84: 8" hard vinyl | AG84: 7 rotors | AI84: none | AJ84: WGS84 | AK84: y | AL84: Michelle Plamondon, Will Rowe | AM84: Anne, SOAR
A85: 45678 | B85: Birchy Head | C85: =_xlfn.XLOOKUP(Table3[[#This Row],[station]],station_waterbody_county!A:A, station_waterbody_county!B:B) -> St. Margarets Bay | D85: =_xlfn.XLOOKUP(Table3[[#This Row],[station]],station_waterbody_county!A:A, station_waterbody_county!C:C) -> Lunenburg | F85: retrieved | G85: 45240 | I85: 45414 | J85: 0.65069444 | K85: 44.569939 | L85: -64.034463 | M85: 44.570148 | N85: -64.034546 | Q85: 44 34.208 | R85: 64 2.07276 | S85: HOBO Pro V2 | T85: 20495256 | U85: 30 | V85: sub-surface buoy | W85: 40.5 | X85: y | Z85: 1.5 | AB85: 14" hard vinyl | AD85: 8" hard vinyl | AG85: 7 rotors | AI85: none | AJ85: WGS84 | AK85: y | AL85: Michelle Plamondon, Will Rowe | AM85: Anne, SOAR
A86: 45678 | B86: Birchy Head | C86: =_xlfn.XLOOKUP(Table3[[#This Row],[station]],station_waterbody_county!A:A, station_waterbody_county!B:B) -> St. Margarets Bay | D86: =_xlfn.XLOOKUP(Table3[[#This Row],[station]],station_waterbody_county!A:A, station_waterbody_county!C:C) -> Lunenburg | F86: retrieved | G86: 45240 | I86: 45414 | J86: 0.65069444 | K86: 44.569939 | L86: -64.034463 | M86: 44.570148 | N86: -64.034546 | Q86: 44 34.208 | R86: 64 2.07276 | S86: VR2AR | T86: 547090 | U86: 40 | V86: sub-surface buoy | W86: 40.5 | X86: y | Z86: 1.5 | AB86: 14" hard vinyl | AD86: 8" hard vinyl | AG86: 7 rotors | AI86: none | AJ86: WGS84 | AK86: y | AL86: Michelle Plamondon, Will Rowe | AM86: Anne, SOAR
A87: 45784 | B87: Birchy Head | C87: =_xlfn.XLOOKUP(Table3[[#This Row],[station]],station_waterbody_county!A:A, station_waterbody_county!B:B) -> St. Margarets Bay | D87: =_xlfn.XLOOKUP(Table3[[#This Row],[station]],station_waterbody_county!A:A, station_waterbody_county!C:C) -> Lunenburg | F87: retrieved | G87: 45617 | H87: 0.70902778 | I87: 45779 | J87: 0.52847222 | O87: 44 34.190 | P87: 64 2.057 | Q87: 44 34.211 | R87: 64 2.064 | S87: HOBO Pro V2 | T87: 21043074 | U87: 2 | V87: sub-surface buoy | W87: 42.8 | X87: y | Y87: 1.6 | Z87: 1.5 | AA87: falling | AB87: 14" hard vinyl | AD87: 8" hard vinyl | AG87: 7 rotors | AH87: 60 | AI87: none | AJ87: WGS84 | AK87: y | AL87: Anne, SOAR | AM87: Anne, SOAR
A88: 45784 | B88: Birchy Head | C88: =_xlfn.XLOOKUP(Table3[[#This Row],[station]],station_waterbody_county!A:A, station_waterbody_county!B:B) -> St. Margarets Bay | D88: =_xlfn.XLOOKUP(Table3[[#This Row],[station]],station_waterbody_county!A:A, station_waterbody_county!C:C) -> Lunenburg | F88: retrieved | G88: 45617 | H88: 0.70902778 | I88: 45779 | J88: 0.52847222 | O88: 44 34.190 | P88: 64 2.057 | Q88: 44 34.211 | R88: 64 2.064 | S88: HOBO DO | T88: 21473809 | U88: 5 | V88: sub-surface buoy | W88: 42.8 | X88: y | Y88: 1.6 | Z88: 1.5 | AA88: falling | AB88: 14" hard vinyl | AD88: 8" hard vinyl | AG88: 7 rotors | AH88: 60 | AI88: none | AJ88: WGS84 | AK88: y | AL88: Anne, SOAR | AM88: Anne, SOAR
A89: 45784 | B89: Birchy Head | C89: =_xlfn.XLOOKUP(Table3[[#This Row],[station]],station_waterbody_county!A:A, station_waterbody_county!B:B) -> St. Margarets Bay | D89: =_xlfn.XLOOKUP(Table3[[#This Row],[station]],station_waterbody_county!A:A, station_waterbody_county!C:C) -> Lunenburg | F89: retrieved | G89: 45617 | H89: 0.70902778 | I89: 45779 | J89: 0.52847222 | O89: 44 34.190 | P89: 64 2.057 | Q89: 44 34.211 | R89: 64 2.064 | S89: HOBO Pro V2 | T89: 22048609 | U89: 10 | V89: sub-surface buoy | W89: 42.8 | X89: y | Y89: 1.6 | Z89: 1.5 | AA89: falling | AB89: 14" hard vinyl | AD89: 8" hard vinyl | AG89: 7 rotors | AH89: 60 | AI89: none | AJ89: WGS84 | AK89: y | AL89: Anne, SOAR | AM89: Anne, SOAR
A90: 45784 | B90: Birchy Head | C90: =_xlfn.XLOOKUP(Table3[[#This Row],[station]],station_waterbody_county!A:A, station_waterbody_county!B:B) -> St. Margarets Bay | D90: =_xlfn.XLOOKUP(Table3[[#This Row],[station]],station_waterbody_county!A:A, station_waterbody_county!C:C) -> Lunenburg | F90: retrieved | G90: 45617 | H90: 0.70902778 | I90: 45779 | J90: 0.52847222 | O90: 44 34.190 | P90: 64 2.057 | Q90: 44 34.211 | R90: 64 2.064 | S90: HOBO Pro V2 | T90: 22048576 | U90: 15 | V90: sub-surface buoy | W90: 42.8 | X90: y | Y90: 1.6 | Z90: 1.5 | AA90: falling | AB90: 14" hard vinyl | AD90: 8" hard vinyl | AG90: 7 rotors | AH90: 60 | AI90: none | AJ90: WGS84 | AK90: y | AL90: Anne, SOAR | AM90: Anne, SOAR
A91: 45784 | B91: Birchy Head | C91: =_xlfn.XLOOKUP(Table3[[#This Row],[station]],station_waterbody_county!A:A, station_waterbody_county!B:B) -> St. Margarets Bay | D91: =_xlfn.XLOOKUP(Table3[[#This Row],[station]],station_waterbody_county!A:A, station_waterbody_county!C:C) -> Lunenburg | F91: retrieved | G91: 45617 | H91: 0.70902778 | I91: 45779 | J91: 0.52847222 | O91: 44 34.190 | P91: 64 2.057 | Q91: 44 34.211 | R91: 64 2.064 | S91: HOBO Pro V2 | T91: 21927294 | U91: 20 | V91: sub-surface buoy | W91: 42.8 | X91: y | Y91: 1.6 | Z91: 1.5 | AA91: falling | AB91: 14" hard vinyl | AD91: 8" hard vinyl | AG91: 7 rotors | AH91: 60 | AI91: none | AJ91: WGS84 | AK91: y | AL91: Anne, SOAR | AM91: Anne, SOAR
A92: 45784 | B92: Birchy Head | C92: =_xlfn.XLOOKUP(Table3[[#This Row],[station]],station_waterbody_county!A:A, station_waterbody_county!B:B) -> St. Margarets Bay | D92: =_xlfn.XLOOKUP(Table3[[#This Row],[station]],station_waterbody_county!A:A, station_waterbody_county!C:C) -> Lunenburg | F92: retrieved | G92: 45617 | H92: 0.70902778 | I92: 45779 | J92: 0.52847222 | O92: 44 34.190 | P92: 64 2.057 | Q92: 44 34.211 | R92: 64 2.064 | S92: HOBO Pro V2 | T92: 21927327 | U92: 30 | V92: sub-surface buoy | W92: 42.8 | X92: y | Y92: 1.6 | Z92: 1.5 | AA92: falling | AB92: 14" hard vinyl | AD92: 8" hard vinyl | AG92: 7 rotors | AH92: 60 | AI92: none | AJ92: WGS84 | AK92: y | AL92: Anne, SOAR | AM92: Anne, SOAR
A93: 45784 | B93: Birchy Head | C93: =_xlfn.XLOOKUP(Table3[[#This Row],[station]],station_waterbody_county!A:A, station_waterbody_county!B:B) -> St. Margarets Bay | D93: =_xlfn.XLOOKUP(Table3[[#This Row],[station]],station_waterbody_county!A:A, station_waterbody_county!C:C) -> Lunenburg | F93: retrieved | G93: 45617 | H93: 0.70902778 | I93: 45779 | J93: 0.52847222 | O93: 44 34.190 | P93: 64 2.057 | Q93: 44 34.211 | R93: 64 2.064 | S93: VR2AR | T93: 548566 | U93: 40 | V93: sub-surface buoy | W93: 42.8 | X93: y | Y93: 1.6 | Z93: 1.5 | AA93: falling | AB93: 14" hard vinyl | AD93: 8" hard vinyl | AG93: 7 rotors | AH93: 60 | AI93: none | AJ93: WGS84 | AK93: y | AL93: Anne, SOAR | AM93: Anne, SOAR
A94: 45784 | B94: Birchy Head | C94: =_xlfn.XLOOKUP(Table3[[#This Row],[station]],station_waterbody_county!A:A, station_waterbody_county!B:B) -> St. Margarets Bay | D94: =_xlfn.XLOOKUP(Table3[[#This Row],[station]],station_waterbody_county!A:A, station_waterbody_county!C:C) -> Lunenburg | F94: retrieved | G94: 45617 | H94: 0.70902778 | I94: 45779 | J94: 0.52847222 | O94: 44 34.190 | P94: 64 2.057 | Q94: 44 34.211 | R94: 64 2.064 | S94: HOBO Pro V2 | T94: 21465745 | U94: 40 | V94: sub-surface buoy | W94: 42.8 | X94: y | Y94: 1.6 | Z94: 1.5 | AA94: falling | AB94: 14" hard vinyl | AD94: 8" hard vinyl | AG94: 7 rotors | AH94: 60 | AI94: none | AJ94: WGS84 | AK94: y | AL94: Anne, SOAR | AM94: Anne, SOAR
A95: 45784 | B95: Birchy Head | C95: =_xlfn.XLOOKUP(Table3[[#This Row],[station]],station_waterbody_county!A:A, station_waterbody_county!B:B) -> St. Margarets Bay | D95: =_xlfn.XLOOKUP(Table3[[#This Row],[station]],station_waterbody_county!A:A, station_waterbody_county!C:C) -> Lunenburg | F95: deployed | G95: 45779 | H95: 0.55416667 | O95: 44 34.168 | P95: 64 2.249 | S95: HOBO Pro V2 | T95: 22224438 | U95: 2 | V95: sub-surface buoy | W95: 41.1 | X95: y | Y95: 1 | Z95: 1.5 | AA95: rising | AB95: 14" hard vinyl | AD95: 8" hard vinyl | AE95: none | AG95: 7 rotors | AH95: 60 | AI95: none | AJ95: WGS84 | AL95: Anne, SOAR
A96: 45784 | B96: Birchy Head | C96: =_xlfn.XLOOKUP(Table3[[#This Row],[station]],station_waterbody_county!A:A, station_waterbody_county!B:B) -> St. Margarets Bay | D96: =_xlfn.XLOOKUP(Table3[[#This Row],[station]],station_waterbody_county!A:A, station_waterbody_county!C:C) -> Lunenburg | F96: deployed | G96: 45779 | H96: 0.55416667 | O96: 44 34.168 | P96: 64 2.249 | S96: HOBO DO | T96: 21429533 | U96: 5 | V96: sub-surface buoy | W96: 41.1 | X96: y | Y96: 1 | Z96: 1.5 | AA96: rising | AB96: 14" hard vinyl | AD96: 8" hard vinyl | AE96: none | AG96: 7 rotors | AH96: 60 | AI96: Hobo DO antifouling protective guard | AJ96: WGS84 | AL96: Anne, SOAR | AN96: has a copper cage over the DO sensor head
A97: 45784 | B97: Birchy Head | C97: =_xlfn.XLOOKUP(Table3[[#This Row],[station]],station_waterbody_county!A:A, station_waterbody_county!B:B) -> St. Margarets Bay | D97: =_xlfn.XLOOKUP(Table3[[#This Row],[station]],station_waterbody_county!A:A, station_waterbody_county!C:C) -> Lunenburg | F97: deployed | G97: 45779 | H97: 0.55416667 | O97: 44 34.168 | P97: 64 2.249 | S97: HOBO Pro V2 | T97: 22200676 | U97: 10 | V97: sub-surface buoy | W97: 41.1 | X97: y | Y97: 1 | Z97: 1.5 | AA97: rising | AB97: 14" hard vinyl | AD97: 8" hard vinyl | AE97: none | AG97: 7 rotors | AH97: 60 | AI97: none | AJ97: WGS84 | AL97: Anne, SOAR
A98: 45784 | B98: Birchy Head | C98: =_xlfn.XLOOKUP(Table3[[#This Row],[station]],station_waterbody_county!A:A, station_waterbody_county!B:B) -> St. Margarets Bay | D98: =_xlfn.XLOOKUP(Table3[[#This Row],[station]],station_waterbody_county!A:A, station_waterbody_county!C:C) -> Lunenburg | F98: deployed | G98: 45779 | H98: 0.55416667 | O98: 44 34.168 | P98: 64 2.249 | S98: HOBO Pro V2 | T98: 22249006 | U98: 15 | V98: sub-surface buoy | W98: 41.1 | X98: y | Y98: 1 | Z98: 1.5 | AA98: rising | AB98: 14" hard vinyl | AD98: 8" hard vinyl | AE98: none | AG98: 7 rotors | AH98: 60 | AI98: none | AJ98: WGS84 | AL98: Anne, SOAR
A99: 45784 | B99: Birchy Head | C99: =_xlfn.XLOOKUP(Table3[[#This Row],[station]],station_waterbody_county!A:A, station_waterbody_county!B:B) -> St. Margarets Bay | D99: =_xlfn.XLOOKUP(Table3[[#This Row],[station]],station_waterbody_county!A:A, station_waterbody_county!C:C) -> Lunenburg | F99: deployed | G99: 45779 | H99: 0.55416667 | O99: 44 34.168 | P99: 64 2.249 | S99: HOBO Pro V2 | T99: 22278836 | U99: 20 | V99: sub-surface buoy | W99: 41.1 | X99: y | Y99: 1 | Z99: 1.5 | AA99: rising | AB99: 14" hard vinyl | AD99: 8" hard vinyl | AE99: none | AG99: 7 rotors | AH99: 60 | AI99: none | AJ99: WGS84 | AL99: Anne, SOAR
A100: 45784 | B100: Birchy Head | C100: =_xlfn.XLOOKUP(Table3[[#This Row],[station]],station_waterbody_county!A:A, station_waterbody_county!B:B) -> St. Margarets Bay | D100: =_xlfn.XLOOKUP(Table3[[#This Row],[station]],station_waterbody_county!A:A, station_waterbody_county!C:C) -> Lunenburg | F100: deployed | G100: 45779 | H100: 0.55416667 | O100: 44 34.168 | P100: 64 2.249 | S100: HOBO Pro V2 | T100: 22048575 | U100: 30 | V100: sub-surface buoy | W100: 41.1 | X100: y | Y100: 1 | Z100: 1.5 | AA100: rising | AB100: 14" hard vinyl | AD100: 8" hard vinyl | AE100: none | AG100: 7 rotors | AH100: 60 | AI100: none | AJ100: WGS84 | AL100: Anne, SOAR
A101: 45784 | B101: Birchy Head | C101: =_xlfn.XLOOKUP(Table3[[#This Row],[station]],station_waterbody_county!A:A, station_waterbody_county!B:B) -> St. Margarets Bay | D101: =_xlfn.XLOOKUP(Table3[[#This Row],[station]],station_waterbody_county!A:A, station_waterbody_county!C:C) -> Lunenburg | F101: deployed | G101: 45779 | H101: 0.55416667 | O101: 44 34.168 | P101: 64 2.249 | S101: VR2AR | T101: 548564 | U101: 40 | V101: sub-surface buoy | W101: 41.1 | X101: y | Y101: 1 | Z101: 1.5 | AA101: rising | AB101: 14" hard vinyl | AD101: 8" hard vinyl | AE101: none | AG101: 7 rotors | AH101: 60 | AI101: none | AJ101: WGS84 | AL101: Anne, SOAR
A102: 45784 | B102: Birchy Head | C102: =_xlfn.XLOOKUP(Table3[[#This Row],[station]],station_waterbody_county!A:A, station_waterbody_county!B:B) -> St. Margarets Bay | D102: =_xlfn.XLOOKUP(Table3[[#This Row],[station]],station_waterbody_county!A:A, station_waterbody_county!C:C) -> Lunenburg | F102: deployed | G102: 45779 | H102: 0.55416667 | O102: 44 34.168 | P102: 64 2.249 | S102: HOBO Pro V2 | T102: 22249007 | U102: 40 | V102: sub-surface buoy | W102: 41.1 | X102: y | Y102: 1 | Z102: 1.5 | AA102: rising | AB102: 14" hard vinyl | AD102: 8" hard vinyl | AE102: none | AG102: 7 rotors | AH102: 60 | AI102: none | AJ102: WGS84 | AL102: Anne, SOAR
A103: 45481 | B103: Black Rocks | C103: =_xlfn.XLOOKUP(Table3[[#This Row],[station]],station_waterbody_county!A:A, station_waterbody_county!B:B) -> New Harbour | D103: =_xlfn.XLOOKUP(Table3[[#This Row],[station]],station_waterbody_county!A:A, station_waterbody_county!C:C) -> Guysborough | F103: retrieved | G103: 44757 | I103: 45217 | K103: 45.159702 | L103: -61.403179 | O103: 45 9.582 | P103: 61 24.1908 | S103: HOBO Pro V2 | T103: 21082885 | U103: 6 | V103: sub-surface buoy | W103: 11 | X103: y | AB103: 14" hard vinyl | AG103: 7 rotors | AH103: 60 | AI103: none | AJ103: WGS84 | AK103: n | AL103: Betty Roethlisberger, Michelle Plamondon, Samuel Andrews | AM103: Betty Roethlisberger, Michelle Plamondon, Samuel Andrews | AN103: CMAR hobo deployed on Acadia Researcher Samuel Andrews' array, 5m from the bottom. Other gear (including acoustic release) provided by Andrew. Previously named "Bass Line 3"
A104: 45678 | B104: Blue Island | C104: =_xlfn.XLOOKUP(Table3[[#This Row],[station]],station_waterbody_county!A:A, station_waterbody_county!B:B) -> Green Harbour | D104: =_xlfn.XLOOKUP(Table3[[#This Row],[station]],station_waterbody_county!A:A, station_waterbody_county!C:C) -> Shelburne | F104: retrieved | G104: 45120 | I104: 45498 | J104: 0.52569444 | K104: 43.686209 | L104: -65.167567 | Q104: 43 41.177 | R104: 65 10.065 | S104: HOBO Pro V2 | T104: 21650147 | U104: 2 | V104: sub-surface buoy | W104: 15 | X104: y | Z104: 2 | AB104: 11" hard vinyl | AD104: 8" hard vinyl | AI104: none | AJ104: WGS84 | AK104: y | AL104: Nick Nickerson, Betty Roethlisberger | AM104: Anne, SOAR | AN104: Suspected typo in deployment latitude. Changed from 44.686209 to match NSDFA tracking sheet and previous deployments at this locatoin
A105: 45678 | B105: Blue Island | C105: =_xlfn.XLOOKUP(Table3[[#This Row],[station]],station_waterbody_county!A:A, station_waterbody_county!B:B) -> Green Harbour | D105: =_xlfn.XLOOKUP(Table3[[#This Row],[station]],station_waterbody_county!A:A, station_waterbody_county!C:C) -> Shelburne | F105: retrieved | G105: 45120 | I105: 45498 | J105: 0.52569444 | K105: 43.686209 | L105: -65.167567 | Q105: 43 41.177 | R105: 65 10.065 | S105: aquaMeasure DOT | T105: 675018 | U105: 5 | V105: sub-surface buoy | W105: 15 | X105: y | Z105: 2 | AB105: 11" hard vinyl | AD105: 8" hard vinyl | AI105: none | AJ105: WGS84 | AK105: y | AL105: Nick Nickerson, Betty Roethlisberger | AM105: Anne, SOAR | AN105: Suspected typo in deployment latitude. Changed from 44.686209 to match NSDFA tracking sheet and previous deployments at this locatoin
A106: 45678 | B106: Blue Island | C106: =_xlfn.XLOOKUP(Table3[[#This Row],[station]],station_waterbody_county!A:A, station_waterbody_county!B:B) -> Green Harbour | D106: =_xlfn.XLOOKUP(Table3[[#This Row],[station]],station_waterbody_county!A:A, station_waterbody_county!C:C) -> Shelburne | F106: retrieved | G106: 45120 | I106: 45498 | J106: 0.52569444 | K106: 43.686209 | L106: -65.167567 | Q106: 43 41.177 | R106: 65 10.065 | S106: VR2AR | T106: 548581 | U106: 10 | V106: sub-surface buoy | W106: 15 | X106: y | Z106: 2 | AB106: 11" hard vinyl | AD106: 8" hard vinyl | AI106: none | AJ106: WGS84 | AK106: y | AL106: Nick Nickerson, Betty Roethlisberger | AM106: Anne, SOAR | AN106: Suspected typo in deployment latitude. Changed from 44.686209 to match NSDFA tracking sheet and previous deployments at this locatoin
A107: 45889 | B107: Blue Island | C107: =_xlfn.XLOOKUP(Table3[[#This Row],[station]],station_waterbody_county!A:A, station_waterbody_county!B:B) -> Green Harbour | D107: =_xlfn.XLOOKUP(Table3[[#This Row],[station]],station_waterbody_county!A:A, station_waterbody_county!C:C) -> Shelburne | F107: retrieved | G107: 45498 | H107: 0.53888889 | I107: 45847 | J107: 0.82708333 | O107: 43 41.169 | P107: 65 10.056 | Q107: 43 41.171 | R107: 65 10.072 | S107: HOBO Pro V2 | T107: 20291428 | U107: 2 | V107: sub-surface buoy | W107: 16.5 | X107: y | Y107: 1.6 | Z107: 0.5 | AA107: rising | AD107: 8" hard vinyl | AG107: 7 rotors | AH107: 60 | AI107: none | AJ107: WGS84 | AL107: Anne, SOAR | AM107: Anne, SOAR
...

Sheet station_waterbody_county
A1: station | B1: waterbody | C1: county | D1: latitude | E1: longitude | F1: latitude_ddm | G1: longitude_ddm | H1: status | I1: notes
A2: 1042 | B2: Annapolis Basin | C2: Annapolis | D2: 44.65286 | E2: -65.67453 | F2: 44 39.1716 N | G2: 65 40.4718 W | H2: retired
A3: 5004 | B3: Annapolis Basin | C3: Annapolis | D3: 44.67657 | E3: -65.69118 | F3: 44 40.5942 N | G3: 65 41.4708 W | H3: retired
A4: 5005 | B4: Annapolis Basin | C4: Annapolis | D4: 44.63417 | E4: -65.71193 | F4: 44 38.0502 N | G4: 65 42.7158 W | H4: retired
A5: 5006 | B5: Annapolis Basin | C5: Annapolis | D5: 44.66958 | E5: -65.64773 | F5: 44 40.1748 N | G5: 65 38.8638 W | H5: retired
A6: Cornwallis | B6: Annapolis Basin | C6: Annapolis | D6: 44.6694 | E6: -65.64478 | F6: 44 40.164 N | G6: 65 38.6868 W | H6: retired
A7: Lobster Ledge | B7: Annapolis Basin | C7: Annapolis | D7: 44.67821 | E7: -65.68335 | F7: 44 40.6926 N | G7: 65 41.001 W | H7: retired
A8: 1442 | B8: Antigonish Harbour | C8: Antigonish | D8: 45.671617 | E8: -61.892617 | F8: 45 40.297 N | G8: 61 53.557 W | H8: retired
A9: 1443 | B9: Antigonish Harbour | C9: Antigonish | D9: 45.679017 | E9: -61.895583 | F9: 45 40.741 N | G9: 61 53.735 W | H9: retired
A10: Southside | B10: Antigonish Harbour | C10: Antigonish | D10: 45.65977 | E10: -61.90426 | F10: 45 39.5862 N | G10: 61 54.2556 W | H10: active
A11: 667 | B11: Arichat Harbour | C11: Richmond | D11: 45.49341 | E11: -61.01947 | F11: 45 29.6046 N | G11: 61 1.1682 W | H11: retired
A12: 0716 Center | B12: Arichat Harbour | C12: Richmond | D12: 45.50135 | E12: -61.04197 | F12: 45 30.081 N | G12: 61 2.5182 W | H12: retired
A13: Cape Auguet | B13: Arichat Harbour | C13: Richmond | D13: 45.4982 | E13: -61.01917 | F13: 45 29.892 N | G13: 61 1.1502 W | H13: retired
A14: Cape Auguet Bay | B14: Arichat Harbour | C14: Richmond | D14: 45.50036 | E14: -61.0187 | F14: 45 30.0216 N | G14: 61 1.122 W | H14: retired
A15: Eastern Passage | B15: Arichat Harbour | C15: Richmond | D15: 45.49028 | E15: -61.03831 | F15: 45 29.4168 N | G15: 61 2.2986 W | H15: retired
A16: Jerseyman Island | B16: Arichat Harbour | C16: Richmond | D16: 45.49817 | E16: -61.04465 | F16: 45 29.8902 N | G16: 61 2.679 W | H16: active
A17: Kavanagh Point | B17: Arichat Harbour | C17: Richmond | D17: 45.49824 | E17: -61.01931 | F17: 45 29.8944 N | G17: 61 1.1586 W | H17: active
A18: Saddle Island | B18: Aspotogan Harbour | C18: Lunenburg | D18: 44.50335 | E18: -64.0499 | F18: 44 30.201 N | G18: 64 2.994 W | H18: retired
A19: North Harbour | B19: Aspy Bay | C19: Victoria | D19: 46.91123 | E19: -60.47478 | F19: 46 54.6738 N | G19: 60 28.4868 W | H19: retired
A20: North Harbour Beach | B20: Aspy Bay | C20: Victoria | D20: 46.926289 | E20: -60.448709 | F20: 46 55.57734 N | G20: 60 26.92254 W | H20: wishlist
A21: Les Rochers | B21: Bay of Rocks | C21: Richmond | D21: 45.52904 | E21: -60.92601 | F21: 45 31.7424 N | G21: 60 55.5606 W | H21: retired
A22: Bay St. Lawrence | B22: Bay St. Lawrence | C22: Victoria | D22: 47.013967 | E22: -60.48855 | F22: 47 0.838 N | G22: 60 29.313 W | H22: wishlist
A23: Beaver Point | B23: Beaver Harbour | C23: Halifax | D23: 44.87685 | E23: -62.39985 | F23: 44 52.611 N | G23: 62 23.991 W | H23: retired
A24: BDLS-BP | B24: Benacadie Pond | C24: Cape Breton | D24: 45.903139 | E24: -60.72325 | I24: MSX Surveillance (Bras d'Or Lakes Surveillance)
A25: BDLS-OD | B25: Blues Cove | C25: Inverness | D25: 45.900417 | E25: -61.081139 | I25: MSX Surveillance (Bras d'Or Lakes Surveillance)
A26: Pictou Landing | B26: Boat Harbour | C26: Pictou | D26: 45.673656 | E26: -62.637242 | F26: 45 40.41936 N | G26: 62 38.23452 | H26: retired | I26: Deployed by Ramon Filguiera for Boat Harbour Monitoring
A27: Barra Strait N | B27: Bras d'Or Lakes | C27: Victoria | D27: 45.96545 | E27: -60.79936 | F27: 45 57.927 N | G27: 60 47.9616 W | H27: retired
A28: Barra Strait S | B28: Bras d'Or Lakes | C28: Victoria | D28: 45.94698 | E28: -60.80919 | F28: 45 56.8188 N | G28: 60 48.5514 W | H28: retired
A29: Cameron Island | B29: West Bay | C29: Inverness | F29: 45 48.697 N | G29: 61 1.593 W | H29: active
A30: Denys Basin E | B30: Bras d'Or Lakes | C30: Inverness | D30: 45.90399 | E30: -60.99486 | F30: 45 54.2394 N | G30: 60 59.6916 W | H30: retired
A31: Denys Basin W | B31: Bras d'Or Lakes | C31: Inverness | D31: 45.90103 | E31: -61.02866 | F31: 45 54.0618 N | G31: 61 1.7196 W | H31: retired
A32: Cossitt Point | B32: East Bay | C32: Cape Breton | D32: 45.97342 | E32: -60.4702 | F32: 45 58.4052 N | G32: 60 28.212 W | H32: active
A33: East River Marina | B33: East River Bay | C33: Lunenburg | F33: 44 34.65768 N | G33: 64 10.2672 W | H33: active
A34: Great Bras d'Or Channel NE-E | B34: Bras d'Or Lakes | C34: Victoria | D34: 46.25137 | E34: -60.46452 | F34: 46 15.0822 N | G34: 60 27.8712 W | H34: retired
A35: Great Bras d'Or Channel NE-W | B35: Bras d'Or Lakes | C35: Victoria | D35: 46.25548 | E35: -60.47119 | F35: 46 15.3288 N | G35: 60 28.2714 W | H35: retired
A36: Great Bras d'Or Channel SW-E | B36: Bras d'Or Lakes | C36: Victoria | D36: 46.11841 | E36: -60.62659 | F36: 46 7.1046 N | G36: 60 37.5954 W | H36: retired
A37: Great Bras d'Or Channel SW-W | B37: Bras d'Or Lakes | C37: Victoria | D37: 46.12059 | E37: -60.63396 | F37: 46 7.2354 N | G37: 60 38.0376 W | H37: retired
A38: Little Bras d'Or Channel | B38: Bras d'Or Lakes | C38: Cape Breton | D38: 46.29626 | E38: -60.28769 | F38: 46 17.7756 N | G38: 60 17.2614 W | H38: retired
A39: Little Narrows N | B39: Bras d'Or Lakes | C39: Victoria | D39: 45.99898 | E39: -60.97434 | F39: 45 59.9388 N | G39: 60 58.4604 W | H39: retired
A40: Little Narrows S | B40: Bras d'Or Lakes | C40: Victoria | D40: 45.98641 | E40: -60.99028 | F40: 45 59.1846 N | G40: 60 59.4168 W | H40: retired
A41: MacRaes Island | B41: West Bay | C41: Inverness | F41: 45 47.364 N | G41: 61 4.500 W | H41: active
A42: Mouse Island | B42: St. Andrews Channel | C42: Cape Breton | F42: 46 12.311 N | G42: 60 23.712 W | H42: active
A43: Nyanza Bay E | B43: Bras d'Or Lakes | C43: Victoria | D43: 46.06524 | E43: -60.89483 | F43: 46 3.9144 N | G43: 60 53.6898 W | H43: retired
A44: Nyanza Bay W | B44: Bras d'Or Lakes | C44: Victoria | D44: 46.06478 | E44: -60.90236 | F44: 46 3.8868 N | G44: 60 54.1416 W | H44: retired
A45: Otter Island | B45: Great Bras d'Or Channel | C45: Victoria | F45: 46 12.490 | G45: 60 31.261 | H45: active
A46: St. Andrews Channel E | B46: Bras d'Or Lakes | C46: Cape Breton | D46: 46.24329 | E46: -60.30311 | F46: 46 14.5974 N | G46: 60 18.1866 W | H46: retired
A47: St. Peters Canal N | B47: Bras d'Or Lakes | C47: Richmond | D47: 45.65955 | E47: -60.86451 | F47: 45 39.573 N | G47: 60 51.8706 W | H47: retired
A48: St. Peters Canal S | B48: Bras d'Or Lakes | C48: Richmond | D48: 45.65079 | E48: -60.87408 | F48: 45 39.0474 N | G48: 60 52.4448 W | H48: retired
A49: West Bay | B49: Head of West Bay Cove | C49: Richmond | D49: 45.71073 | E49: -61.13962 | F49: 45 42.6438 N | G49: 61 8.3772 W | H49: active
A50: BDLS-WBR | B50: Campbells Cove | C50: Victoria | D50: 46.025167 | E50: -60.863 | I50: MSX Surveillance (Bras d'Or Lakes Surveillance)
A51: Yarmouth Bar | B51: Careys Cove | C51: Yarmouth | D51: 43.83153 | E51: -66.17321 | F51: 43 49.8918 N | G51: 66 10.3926 W | H51: active
A52: Waterside | B52: Caribou Harbour | C52: Pictou | D52: 45.75625 | E52: -62.77031 | F52: 45 45.375 N | G52: 62 46.2186 W | H52: retired
A53: Chance Harbour | B53: Chance Harbour | C53: Pictou | D53: 45.66907 | E53: -62.5719 | F53: 45 40.1442 N | G53: 62 34.314 W | H53: retired
A54: Inner Harbour | B54: Chance Harbour | C54: Pictou | D54: 45.66912 | E54: -62.5725 | F54: 45 40.1472 N | G54: 62 34.35 W | H54: retired
A55: Big Pond Point | B55: Chebogue Harbour | C55: Yarmouth | D55: 43.77039 | E55: -66.13518 | F55: 43 46.2234 N | G55: 66 8.1108 W | H55: active
A56: Dorts Cove | B56: Chedabucto Bay | C56: Guysborough | D56: 45.35905 | E56: -61.41966 | F56: 45 21.543 N | G56: 61 25.1796 W | H56: retired
A57: Dorts Cove 1 | B57: Chedabucto Bay | C57: Guysborough | D57: 45.36085 | E57: -61.40703 | F57: 45 21.651 N | G57: 61 24.4218 W | H57: active | I57: Some deployments formerly Sandy Cove Chedabucto, renamed to avoid confusion with Sandy Cove St. Marys deployments
A58: Moose Point | B58: Chedabucto Bay | C58: Guysborough | D58: 45.3998 | E58: -61.42072 | F58: 45 23.988 N | G58: 61 25.2432 W | H58: retired
A59: Moose Point 1 | B59: Chedabucto Bay | C59: Guysborough | D59: 45.395 | E59: -61.40951 | F59: 45 23.7 N | G59: 61 24.5706 W | H59: active | I59: Some deployments formerly Moose Point, renamed due to distance from other deployments at Moose Point station
A60: Rook Island | B60: Chedabucto Bay | C60: Guysborough | D60: 45.35088 | E60: -61.26811 | F60: 45 21.0528 N | G60: 61 16.0866 W | H60: retired
A61: Rook Island 1 | B61: Chedabucto Bay | C61: Guysborough | D61: 45.35232 | E61: -61.28687 | F61: 45 21.1392 N | G61: 61 17.2122 W | H61: active | I61: Some deployments formerly Rook Island, renamed due to distance from other deployments at Rook Island station
A62: Tickle Island | B62: Chedabucto Bay | C62: Guysborough | D62: 45.35493 | E62: -61.03793 | F62: 45 21.2958 N | G62: 61 2.2758 W | H62: retired
A63: Tickle Island 1 | B63: Chedabucto Bay | C63: Guysborough | D63: 45.3618 | E63: -61.044 | F63: 45 21.708 N | G63: 61 2.64 W | H63: active | I63: Some deployments formerly Tickle Island, renamed due to distance from other deployments at Tickle Island station
A64: 1 | B64: Country Harbour | C64: Guysborough | D64: 45.18561 | E64: -61.71676 | F64: 45 11.1366 N | G64: 61 43.0056 W | H64: retired
A65: 622 | B65: Country Harbour | C65: Guysborough | D65: 45.23194 | E65: -61.76 | F65: 45 13.9164 N | G65: 61 45.6 W | H65: retired
A66: 1307 | B66: Country Harbour | C66: Guysborough | D66: 45.16007 | E66: -61.68006 | F66: 45 9.6042 N | G66: 61 40.8036 W | H66: retired
A67: West Ferry Ramp | B67: Country Harbour | C67: Guysborough | D67: 45.1739 | E67: -61.70754 | F67: 45 10.434 N | G67: 61 42.4524 W | H67: retired
A68: 193 | B68: Denas Pond | C68: Inverness | D68: 46.00718 | E68: -60.98854 | F68: 46 0.4308 N | G68: 60 59.3124 W | H68: retired
A69: BDLS-193 | B69: Denas Pond | C69: Inverness | D69: 46.008028 | E69: -60.98925 | I69: MSX Surveillance (Bras d'Or Lakes Surveillance)
A70: Madeline Point | B70: Dover Bay | C70: Guysborough | D70: 45.26767 | E70: -60.97939 | F70: 45 16.0602 N | G70: 60 58.7634 W | H70: retired
A71: Madeline Point 1 | B71: Dover Bay | C71: Guysborough | D71: 45.2658 | E71: -60.96085 | F71: 45 15.948 N | G71: 60 57.651 W | H71: active | I71: Some deployments formerly Madeline Point, renamed due to distance from other deployments at Madeline Point station
A72: Seal Cove | B72: Dover Bay | C72: Guysborough | D72: 45.25859 | E72: -60.99947 | F72: 45 15.5154 N | G72: 60 59.9682 W | H72: retired
A73: Seal Cove 1 | B73: Dover Bay | C73: Guysborough | D73: 45.25247 | E73: -61.01787 | F73: 45 15.1482 N | G73: 61 1.0722 W | H73: active | I73: Some deployments formerly Seal Cove, renamed due to distance from other deployments at Seal Cove station
A74: BDLS-EBS | B74: East Bay | C74: Cape Breton | D74: 46.015694 | E74: -60.393 | I74: MSX Surveillance (Bras d'Or Lakes Surveillance)
A75: Bull Rock | B75: Fishermans Harbour | C75: Guysborough | D75: 45.083766 | E75: -61.646531 | F75: 45 5.026 N | G75: 61 38.7919 W | H75: retired
A76: Meal Rock | B76: Fishermans Harbour | C76: Guysborough | D76: 45.10199 | E76: -61.62995 | F76: 45 6.1194 N | G76: 61 37.797 W | H76: active
A77: Fourchu Rock | B77: Fourchu Bay | C77: Cape Breton | D77: 45.731496 | E77: -60.209156 | F77: 45 43.88976 N | G77: 60 12.54936 W | H77: wishlist | I77: NOTE: Right on county boundary line. Double check county after deployment
A78: Robinson Cove | B78: French Channel | C78: Pictou | D78: 45.66 | E78: -62.41167 | F78: 45 39.6 N | G78: 62 24.7002 W | H78: retired
A79: Antigonish 1 | B79: Grahams Cove | C79: Antigonish | D79: 45.67768 | E79: -61.91248 | F79: 45 40.6608 N | G79: 61 54.7488 W | H79: retired
A80: Antigonish 2 | B80: Grahams Cove | C80: Antigonish | D80: 45.67762 | E80: -61.91265 | F80: 45 40.6572 N | G80: 61 54.759 W | H80: retired
A81: Antigonish 3 | B81: Grahams Cove | C81: Antigonish | D81: 45.67756 | E81: -61.91282 | F81: 45 40.6536 N | G81: 61 54.7692 W | H81: retired
A82: Captains Pond | B82: Grahams Cove | C82: Antigonish | D82: 45.6748 | E82: -61.90786 | F82: 45 40.488 N | G82: 61 54.4716 W | H82: active
A83: Bartletts Beach | B83: Green Cove | C83: Digby | D83: 44.01019 | E83: -66.18618 | F83: 44 0.6114 N | G83: 66 11.1708 W | H83: active
A84: Blue Island | B84: Green Harbour | C84: Shelburne | D84: 43.68628 | E84: -65.16781 | F84: 43 41.1768 N | G84: 65 10.0686 W | H84: active
A85: Timmonds Cove | B85: Halifax Harbour | C85: Halifax | D85: 44.623361 | E85: -63.52105 | F85: 44 37.40166 N | G85: 63 31.263 W | H85: retired
A86: Ile du Havre | B86: Havre Boucher | C86: Antigonish | D86: 45.69031 | E86: -61.51731 | F86: 45 41.4186 N | G86: 61 31.0386 W | H86: retired
A87: Barachois | B87: Indian Harbour | C87: Guysborough | D87: 45.08481 | E87: -61.82364 | F87: 45 5.0886 N | G87: 61 49.4184 W | H87: active
A88: Short Beach | B88: Lamonts Cove | C88: Yarmouth | D88: 43.93093 | E88: -66.16798 | F88: 43 55.8558 N | G88: 66 10.0788 W | H88: active
A89: Lawrencetown Beach | B89: Lawrencetown Beach | C89: Halifax | D89: 44.63432 | E89: -63.33721 | F89: 44 38.0592 N | G89: 63 20.2326 W | H89: retired
... A91: Gabion Shoal | B91: Lennox Passage | C91: Richmond | D91: 45.6026 | E91: -60.90244 | F91: 45 36.156 N | G91: 60 54.1464 W | H91: retired
A92: BDLS-BMB | B92: Little Boom | C92: Inverness | D92: 45.904889 | E92: -61.01825 | I92: MSX Surveillance (Bras d'Or Lakes Surveillance)
A93: Little Harbour | B93: Little Harbour | C93: Shelburne | D93: 43.71572 | E93: -65.0084 | F93: 43 42.9432 N | G93: 65 0.504 W | H93: retired
A94: Melmerby Beach | B94: Little Harbour | C94: Pictou | D94: 45.6501 | E94: -62.52509 | F94: 45 39.006 N | G94: 62 31.5054 W | H94: retired | I94: 2021-12-09: DD changed Waterbody to Little Harbour (from Pictou Harbour)
A95: Red Point | B95: Little Harbour | C95: Richmond | D95: 45.56086 | E95: -60.76126 | F95: 45 33.6516 N | G95: 60 45.6756 W | H95: retired
A96: Roy Island 1 | B96: Little Harbour | C96: Pictou | D96: 45.6604 | E96: -62.51482 | F96: 45 39.624 N | G96: 62 30.8892 W | H96: retired
A97: Roy Island 2 | B97: Little Harbour | C97: Pictou | D97: 45.66043 | E97: -62.51487 | F97: 45 39.6258 N | G97: 62 30.8922 W | H97: retired
A98: Roy Island 3 | B98: Little Harbour | C98: Pictou | D98: 45.66046 | E98: -62.51492 | F98: 45 39.6276 N | G98: 62 30.8952 W | H98: retired
A99: Gypsum Wharf | B99: Little Narrows | C99: Victoria | D99: 46.00276 | E99: -60.96011 | F99: 46 0.1656 N | G99: 60 57.6066 W | H99: retired
A100: Mersey Point | B100: Liverpool Bay | C100: Queens | D100: 44.02612 | E100: -64.66576 | F100: 44 1.5672 N | G100: 64 39.9456 W | H100: active
A101: Lobster Bay | B101: Lobster Bay | C101: Yarmouth | D101: 43.67902 | E101: -65.8978 | F101: 43 40.7412 N | G101: 65 53.868 W | H101: active
...

Sheet column_key
A1: column | B1: description | C1: format | D1: example | E1: dropdown_options
A2: last_updated_date | B2: most recent date any information in this row was updated | C2: yyyy-mm-dd | D2: 45526
A3: station | B3: unique station name | C3: follow spelling format in the Canadian Geographical Names database | D3: Bald Rock | E3: see station_list tab
A4: county | B4: station county
A5: waterbody | B5: station waterbody | C5: follow spelling format in the Canadian Geographical Names database | D5: Antigonish Harbour | E5: see waterbody_list tab
A6: lease | B6: aquaculture lease # station is deployed on (if applicable) | D6: 1443
A7: status | B7: status of sensor | D7: deployed | E7: deployed, retrieved, lost
A8: deployment_date | B8: date of sensor deployment | C8: yyyy-mm-dd | D8: 45404
A9: deployment_time_utc | B9: time of sensor deployment in UTC | C9: hh:mm:ss, 24 hour format, UTC | D9: 0.60625
A10: retrieval_date | B10: date of sensor retrieval | C10: yyyy-mm-dd | D10: 45384
A11: retrieval_time_utc | B11: time of sensor retrieval in UTC | C11: hh:mm:ss, 24 hour format, UTC | D11: 0.60625
A12: deployment_latitude | B12: deployment latitude in decimal degrees | C12: decimal degrees | D12: 43.77043
A13: deployment_longitude | B13: deployment longitude in decimal degrees | C13: decimal degrees | D13: -66.13515
A14: retrieval_latitude | B14: retrieval latitude in decimal degrees | C14: decimal degrees | D14: 44.570148
A15: retrieval_longitude | B15: retrieval longitude in decimal degrees | C15: decimal degrees | D15: -64.034546
A16: deployment_latitude_n_ddm | B16: deployment latitude in degree decimal minutes | C16: degree decimal minutes | D16: 44 34.206
A17: deployment_longitude_w_ddm | B17: deployment longitude in degree decimal minutes | C17: degree decimal minutes | D17: 64 2.063
A18: retrieval_latitude_n_ddm | B18: retrieval latitude in degree decimal minutes | C18: degree decimal minutes | D18: 44 34.208
A19: retrieval_longitude_w_ddm | B19: retrieval longitude in degree decimal minutes | C19: degree decimal minutes | D19: 64 2.07276
A20: sensor_type | B20: sensor type | D20: aquaMeasure DOT | E20: aquaMeasure DOT, aquaMeasure SAL, aquaMeasure CHL, Hobo DO, Hobo Pro V2, Hobo Level Logger, Hobo PH, Tidbit MX2203, miniDOT, VR2AR, VR2ARX
A21: sensor_serial_number | B21: sensor serial number | D21: 680324
A22: sensor_depth_m | B22: sensor depth below surface at low tide in meters, rounded to the nearest 0.5m | D22: 1
A23: string_configuration | B23: configuration of deployed equipment | D23: sub-surface buoy | E23: sub-surface buoy, surface buoy, attached to fixed structure, attached to gear, floating dock, unknown
A24: sounding_m | B24: chart sounding of deployment location in meters | D24: 13.1
A25: acoustic_release | B25: is there an acoustic release sensor on this string? | D25: y | E25: y, n
A26: tide_correction_m | B26: difference between the chart depth and the actual depth (sounding) at time of deployment due to the tide. | C26: tide at deployment time can be viewed on the federal tides website | D26: 0.3
A27: vr2ar_lug_height_above_seafloor_m | B27: deployed height of VR2AR lug above anchor in meters | D27: 1
A28: deployment_tide_direction | B28: direction of tide at time of deployment | D28: rising | E28: rising, falling, slack high, slack low
A29: primary_buoy_type | B29: type of subsurface buoy | D29: 14" hard vinyl | E29: 11" hard vinyl, 14" hard vinyl, 8" hard vinyl, n/a
A30: secondary_buoy_type | B30: type of second subsurface buoy, if applicable (if two buoys are used at the top of the string) | D30: 8" hard vinyl | E30: 11" hard vinyl, 14" hard vinyl, 8" hard vinyl, n/a
A31: bottom_buoy_type | B31: type of buoy above VR2AR | D31: 8" hard vinyl | E31: 11" hard vinyl, 14" hard vinyl, 8" hard vinyl, n/a
A32: whale_safe_link_type | B32: type of whale safe linkage used | D32: SSL link | E32: none, SSL link, Fundy loop
A33: whale_safe_link_number | B33: number of whale safe linkages used | D33: 1
A34: anchor_type | B34: description of anchor | D34: 7 rotors
A35: anchor_weight_kg | B35: weight of anchor in kilograms | D35: 60
A36: biofouling_prevention | B36: type of biofouling prevention applied | D36: none | E36: none, copper tape, copper cage, PME miniWIPER, pvc pipe, uv light, Hobo DO antifouling protective guard
A37: datum | B37: datum of coordinate reference system | D37: WGS84
A38: photos_taken | B38: were photos taken of this string upon deployment or retrieval? | D38: y | E38: y, n
A39: deployment_attendant | B39: names of field staff involved in deployment of equipment | D39: Anne McKee, Greg Trowse
A40: retrieval_attendant | B40: names of field staff involved in retrieval of euquipment | D40: Anne McKee, Greg Trowse
A41: notes | B41: any additional notes about the sensor or sensor string | D41: Attempted retrieval 2023 with no luck. Found by local kayaking near Halls Harbour in June 2024. Retrieval coordinates approximate. VR2 and one hobo missing.
